group,country,number,position,name,name_zh,age,date_of_birth,caps,goals,club,captain,image,image_source,profile
A,Mexico,1,GK,Raúl Rangel,墨西哥1号门将,26,,13,0,Guadalajara,False,https://images.fotmob.com/image_resources/playerimages/1227878.png,fotmob,https://www.fotmob.com/players/1227878
A,Mexico,2,DF,Jorge Sánchez,墨西哥2号后卫,28,,58,3,PAOK,False,https://images.fotmob.com/image_resources/playerimages/727586.png,fotmob,https://www.fotmob.com/players/727586
A,Mexico,3,DF,César Montes,墨西哥3号后卫,29,,66,4,Lokomotiv Moscow,False,https://images.fotmob.com/image_resources/playerimages/664644.png,fotmob,https://www.fotmob.com/players/664644
A,Mexico,4,DF,Edson Álvarez,埃德松·阿尔瓦雷斯,28,,97,7,Fenerbahçe,True,https://images.fotmob.com/image_resources/playerimages/783505.png,fotmob,https://www.fotmob.com/players/783505
A,Mexico,5,DF,Johan Vásquez,墨西哥5号后卫,27,,45,2,Genoa,False,https://images.fotmob.com/image_resources/playerimages/914103.png,fotmob,https://www.fotmob.com/players/914103
A,Mexico,6,MF,Érik Lira,墨西哥6号中场,26,,24,0,Cruz Azul,False,https://images.fotmob.com/image_resources/playerimages/971628.png,fotmob,https://www.fotmob.com/players/971628
A,Mexico,7,MF,Luis Romo,墨西哥7号中场,31,,62,4,Guadalajara,False,https://images.fotmob.com/image_resources/playerimages/921174.png,fotmob,https://www.fotmob.com/players/921174
A,Mexico,8,MF,Álvaro Fidalgo,墨西哥8号中场,29,,3,0,Real Betis,False,https://images.fotmob.com/image_resources/playerimages/895954.png,fotmob,https://www.fotmob.com/players/895954
A,Mexico,9,FW,Raúl Jiménez,劳尔·希门尼斯,35,,123,44,Fulham,False,https://images.fotmob.com/image_resources/playerimages/292313.png,fotmob,https://www.fotmob.com/players/292313
A,Mexico,10,FW,Alexis Vega,墨西哥10号前锋,28,,51,7,Toluca,False,https://images.fotmob.com/image_resources/playerimages/728365.png,fotmob,https://www.fotmob.com/players/728365
A,Mexico,11,FW,Santiago Giménez,圣地亚哥·希门尼斯,25,,47,6,Milan,False,https://images.fotmob.com/image_resources/playerimages/954092.png,fotmob,https://www.fotmob.com/players/954092
A,Mexico,12,GK,Carlos Acevedo,墨西哥12号门将,30,,7,0,Santos Laguna,False,https://images.fotmob.com/image_resources/playerimages/751164.png,fotmob,https://www.fotmob.com/players/751164
A,Mexico,13,GK,Guillermo Ochoa,吉列尔莫·奥乔亚,40,,152,0,AEL Limassol,False,https://images.fotmob.com/image_resources/playerimages/31047.png,fotmob,https://www.fotmob.com/players/31047
A,Mexico,14,FW,Armando González,墨西哥14号前锋,23,,7,1,Guadalajara,False,https://images.fotmob.com/image_resources/playerimages/1456983.png,fotmob,https://www.fotmob.com/players/1456983
A,Mexico,15,DF,Israel Reyes,墨西哥15号后卫,26,,33,2,América,False,https://images.fotmob.com/image_resources/playerimages/1074586.png,fotmob,https://www.fotmob.com/players/1074586
A,Mexico,16,FW,Julián Quiñones,墨西哥16号前锋,29,,21,2,Al-Qadsiah,False,https://images.fotmob.com/image_resources/playerimages/720560.png,fotmob,https://www.fotmob.com/players/720560
A,Mexico,17,MF,Orbelín Pineda,墨西哥17号中场,30,,91,12,AEK Athens,False,https://images.fotmob.com/image_resources/playerimages/559986.png,fotmob,https://www.fotmob.com/players/559986
A,Mexico,18,MF,Obed Vargas,墨西哥18号中场,20,,6,0,Atlético Madrid,False,https://images.fotmob.com/image_resources/playerimages/1254394.png,fotmob,https://www.fotmob.com/players/1254394
A,Mexico,19,MF,Gilberto Mora,墨西哥19号中场,17,,7,0,Tijuana,False,https://images.fotmob.com/image_resources/playerimages/1670377.png,fotmob,https://www.fotmob.com/players/1670377
A,Mexico,20,DF,Mateo Chávez,墨西哥20号后卫,22,,9,0,AZ,False,https://images.fotmob.com/image_resources/playerimages/1432212.png,fotmob,https://www.fotmob.com/players/1432212
A,Mexico,21,FW,César Huerta,墨西哥21号前锋,25,,26,3,Anderlecht,False,https://images.fotmob.com/image_resources/playerimages/977404.png,fotmob,https://www.fotmob.com/players/977404
A,Mexico,22,FW,Guillermo Martínez,墨西哥22号前锋,31,,11,3,UNAM,False,https://images.fotmob.com/image_resources/playerimages/558539.png,fotmob,https://www.fotmob.com/players/558539
A,Mexico,23,DF,Jesús Gallardo,墨西哥23号后卫,31,,120,3,Toluca,False,https://images.fotmob.com/image_resources/playerimages/597976.png,fotmob,https://www.fotmob.com/players/597976
A,Mexico,24,MF,Luis Chávez,墨西哥24号中场,30,,44,4,Dynamo Moscow,False,https://images.fotmob.com/image_resources/playerimages/527616.png,fotmob,https://www.fotmob.com/players/527616
A,Mexico,25,FW,Roberto Alvarado,墨西哥25号前锋,27,,66,5,Guadalajara,False,https://images.fotmob.com/image_resources/playerimages/720737.png,fotmob,https://www.fotmob.com/players/720737
A,Mexico,26,MF,Brian Gutiérrez,墨西哥26号中场,22,,6,2,Guadalajara,False,https://images.fotmob.com/image_resources/playerimages/1170238.png,fotmob,https://www.fotmob.com/players/1170238
A,South Africa,1,GK,Ronwen Williams,南非1号门将,34,,62,0,Mamelodi Sundowns,True,https://images.fotmob.com/image_resources/playerimages/253991.png,fotmob,https://www.fotmob.com/players/253991
A,South Africa,2,DF,Thabang Matuludi,南非2号后卫,27,,2,0,Polokwane City,False,https://images.fotmob.com/image_resources/playerimages/1579341.png,fotmob,https://www.fotmob.com/players/1579341
A,South Africa,3,DF,Khulumani Ndamane,南非3号后卫,22,,5,0,Mamelodi Sundowns,False,https://images.fotmob.com/image_resources/playerimages/1680696.png,fotmob,https://www.fotmob.com/players/1680696
A,South Africa,4,MF,Teboho Mokoena,南非4号中场,29,,51,9,Mamelodi Sundowns,False,https://images.fotmob.com/image_resources/playerimages/848361.png,fotmob,https://www.fotmob.com/players/848361
A,South Africa,5,MF,Thalente Mbatha,南非5号中场,26,,14,3,Orlando Pirates,False,https://images.fotmob.com/image_resources/playerimages/1124424.png,fotmob,https://www.fotmob.com/players/1124424
A,South Africa,6,DF,Aubrey Modiba,南非6号后卫,30,,44,3,Mamelodi Sundowns,False,https://images.fotmob.com/image_resources/playerimages/616179.png,fotmob,https://www.fotmob.com/players/616179
A,South Africa,7,FW,Oswin Appollis,南非7号前锋,24,,25,8,Orlando Pirates,False,https://images.fotmob.com/image_resources/playerimages/1054166.png,fotmob,https://www.fotmob.com/players/1054166
A,South Africa,8,FW,Tshepang Moremi,南非8号前锋,25,,9,1,Orlando Pirates,False,https://images.fotmob.com/image_resources/playerimages/1289611.png,fotmob,https://www.fotmob.com/players/1289611
A,South Africa,9,FW,Lyle Foster,南非9号前锋,25,,26,10,Burnley,False,https://images.fotmob.com/image_resources/playerimages/881500.png,fotmob,https://www.fotmob.com/players/881500
A,South Africa,10,FW,Relebohile Mofokeng,南非10号前锋,21,,12,0,Orlando Pirates,False,https://images.fotmob.com/image_resources/playerimages/1471333.png,fotmob,https://www.fotmob.com/players/1471333
A,South Africa,11,MF,Themba Zwane,南非11号中场,36,,53,12,Mamelodi Sundowns,False,https://images.fotmob.com/image_resources/playerimages/303609.png,fotmob,https://www.fotmob.com/players/303609
A,South Africa,12,FW,Thapelo Maseko,南非12号前锋,22,,9,1,AEL Limassol,False,https://images.fotmob.com/image_resources/playerimages/1394951.png,fotmob,https://www.fotmob.com/players/1394951
A,South Africa,13,MF,Sphephelo Sithole,南非13号中场,27,,27,1,Tondela,False,https://images.fotmob.com/image_resources/playerimages/1107735.png,fotmob,https://www.fotmob.com/players/1107735
A,South Africa,14,DF,Mbekezeli Mbokazi,南非14号后卫,20,,10,1,Chicago Fire FC,False,https://images.fotmob.com/image_resources/playerimages/1719066.png,fotmob,https://www.fotmob.com/players/1719066
A,South Africa,15,FW,Iqraam Rayners,南非15号前锋,30,,13,4,Mamelodi Sundowns,False,https://images.fotmob.com/image_resources/playerimages/1076668.png,fotmob,https://www.fotmob.com/players/1076668
A,South Africa,16,GK,Sipho Chaine,南非16号门将,29,,3,0,Orlando Pirates,False,https://images.fotmob.com/image_resources/playerimages/787099.png,fotmob,https://www.fotmob.com/players/787099
A,South Africa,17,FW,Evidence Makgopa,南非17号前锋,26,,26,6,Orlando Pirates,False,https://images.fotmob.com/image_resources/playerimages/1137059.png,fotmob,https://www.fotmob.com/players/1137059
A,South Africa,18,DF,Samukele Kabini,南非18号后卫,22,,5,0,Molde,False,https://images.fotmob.com/image_resources/playerimages/1680659.png,fotmob,https://www.fotmob.com/players/1680659
A,South Africa,19,DF,Nkosinathi Sibisi,南非19号后卫,30,,19,0,Orlando Pirates,False,https://images.fotmob.com/image_resources/playerimages/716819.png,fotmob,https://www.fotmob.com/players/716819
A,South Africa,20,DF,Khuliso Mudau,南非20号后卫,31,,32,1,Mamelodi Sundowns,False,https://images.fotmob.com/image_resources/playerimages/940010.png,fotmob,https://www.fotmob.com/players/940010
A,South Africa,21,DF,Ime Okon,南非21号后卫,22,,7,1,Hannover 96,False,https://images.fotmob.com/image_resources/playerimages/1600334.png,fotmob,https://www.fotmob.com/players/1600334
A,South Africa,22,GK,Ricardo Goss,南非22号门将,32,,4,0,Siwelele,False,https://images.fotmob.com/image_resources/playerimages/428006.png,fotmob,https://www.fotmob.com/players/428006
A,South Africa,23,MF,Jayden Adams,南非23号中场,25,,4,0,Mamelodi Sundowns,False,https://images.fotmob.com/image_resources/playerimages/1178629.png,fotmob,https://www.fotmob.com/players/1178629
A,South Africa,24,DF,Olwethu Makhanya,南非24号后卫,22,,0,0,Philadelphia Union,False,https://images.fotmob.com/image_resources/playerimages/1469826.png,fotmob,https://www.fotmob.com/players/1469826
A,South Africa,25,FW,Kamogelo Sebelebele,南非25号前锋,23,,2,0,Orlando Pirates,False,https://images.fotmob.com/image_resources/playerimages/1451566.png,fotmob,https://www.fotmob.com/players/1451566
A,South Africa,26,DF,Bradley Cross,南非26号后卫,25,,0,0,Kaizer Chiefs,False,https://images.fotmob.com/image_resources/playerimages/1202481.png,fotmob,https://www.fotmob.com/players/1202481
A,South Korea,1,GK,Kim Seung-gyu,韩国1号门将,35,,87,0,FC Tokyo,False,https://commons.wikimedia.org/wiki/Special:FilePath/Kim%20Seung-Gyu.jpg,wikidata,
A,South Korea,2,DF,Lee Han-beom,韩国2号后卫,23,,8,0,Midtjylland,False,https://commons.wikimedia.org/wiki/Special:FilePath/230422%20FC%20%EC%84%9C%EC%9A%B8%20vs%20%EC%88%98%EC%9B%90%20%EC%82%BC%EC%84%B1%20%EB%B8%94%EB%A3%A8%EC%9C%99%EC%A6%88%20%28%EC%9D%B4%ED%95%9C%EB%B2%94%29.jpg,wikidata,
A,South Korea,3,MF,Lee Gi-hyuk,韩国3号中场,25,,3,0,Gangwon FC,False,https://images.fotmob.com/image_resources/playerimages/1232264.png,fotmob,https://www.fotmob.com/players/1232264
A,South Korea,4,DF,Kim Min-jae,韩国4号后卫,29,,79,4,Bayern Munich,False,https://images.fotmob.com/image_resources/playerimages/1861850.png,fotmob,https://www.fotmob.com/players/1861850
A,South Korea,5,DF,Kim Tae-hyeon,韩国5号后卫,25,,7,0,Kashima Antlers,False,https://images.fotmob.com/image_resources/playerimages/1437933.png,fotmob,https://www.fotmob.com/players/1437933
A,South Korea,6,MF,Hwang In-beom,韩国6号中场,29,,73,6,Feyenoord,False,https://commons.wikimedia.org/wiki/Special:FilePath/240611%20%EB%8C%80%ED%95%9C%EB%AF%BC%EA%B5%AD%20vs%20%EC%A4%91%EA%B5%AD%20%28%ED%99%A9%EC%9D%B8%EB%B2%94%29.jpg,wikidata,
A,South Korea,7,FW,Son Heung-min,韩国7号前锋,33,,144,56,Los Angeles FC,True,https://commons.wikimedia.org/wiki/Special:FilePath/BFA%202023%20-2%20Heung-Min%20Son%20%28cropped%29.jpg,wikidata,
A,South Korea,8,MF,Paik Seung-ho,韩国8号中场,29,,27,3,Birmingham City,False,https://commons.wikimedia.org/wiki/Special:FilePath/190608%20%EC%98%A4%ED%94%88%20%ED%8A%B8%EB%A0%88%EC%9D%B4%EB%8B%9D%20%EB%8D%B0%EC%9D%B4%20%EB%B0%B1%EC%8A%B9%ED%98%B8%201.jpg,wikidata,
A,South Korea,9,FW,Cho Gue-sung,韩国9号前锋,28,,44,12,Midtjylland,False,https://commons.wikimedia.org/wiki/Special:FilePath/191130%20%EB%B6%80%EC%82%B0%EC%95%84%EC%9D%B4%ED%8C%8C%ED%81%AC%20VS%20FC%EC%95%88%EC%96%91%20%ED%94%8C%EB%A0%88%EC%9D%B4%EC%98%A4%ED%94%84%2C%20%EC%A1%B0%EA%B7%9C%EC%84%B1%202.jpg,wikidata,
A,South Korea,10,MF,Lee Jae-sung,韩国10号中场,33,,105,15,Mainz 05,False,https://images.fotmob.com/image_resources/playerimages/253831.png,fotmob,https://www.fotmob.com/players/253831
A,South Korea,11,MF,Hwang Hee-chan,韩国11号中场,30,,79,17,Wolverhampton Wanderers,False,https://commons.wikimedia.org/wiki/Special:FilePath/240622%20%ED%99%A9%ED%9D%AC%EC%B0%AC%20%ED%92%8B%EB%B3%BC%20%ED%8E%98%EC%8A%A4%ED%8B%B0%EB%B2%8C.jpg,wikidata,
A,South Korea,12,GK,Song Bum-keun,韩国12号门将,28,,3,0,Jeonbuk Hyundai Motors,False,https://images.fotmob.com/image_resources/playerimages/848068.png,fotmob,https://www.fotmob.com/players/848068
A,South Korea,13,DF,Lee Tae-seok,韩国13号后卫,23,,15,1,Austria Wien,False,https://commons.wikimedia.org/wiki/Special:FilePath/%EB%B0%80%EC%9B%8C%ED%82%A4%20%EC%9D%B4%EB%8B%AC%EC%9D%98%20%EC%84%A0%EC%88%98%205%EC%9B%94%20-%20%EC%9D%B4%ED%83%9C%EC%84%9D%20%EC%9D%B8%ED%84%B0%EB%B7%B0%20%26%20%EC%A0%9C%ED%92%88%20%EC%96%B8%EB%B0%95%EC%8B%B1%EA%B9%8C%EC%A7%80%21%200s.jpg,wikidata,
A,South Korea,14,DF,Cho Wi-je,韩国14号后卫,24,,1,0,Jeonbuk Hyundai Motors,False,https://images.fotmob.com/image_resources/playerimages/1326507.png,fotmob,https://www.fotmob.com/players/1326507
A,South Korea,15,DF,Kim Moon-hwan,韩国15号后卫,30,,35,0,Daejeon Hana Citizen,False,https://images.fotmob.com/image_resources/playerimages/828273.png,fotmob,https://www.fotmob.com/players/828273
A,South Korea,16,DF,Park Jin-seob,韩国16号后卫,30,,14,1,Zhejiang,False,https://commons.wikimedia.org/wiki/Special:FilePath/250702%20FC%20%EC%84%9C%EC%9A%B8%20vs%20%EC%A0%84%EB%B6%81%20%28%EB%B0%95%EC%A7%84%EC%84%AD%29.jpg,wikidata,
A,South Korea,17,MF,Bae Jun-ho,韩国17号中场,22,,13,2,Stoke City,False,https://commons.wikimedia.org/wiki/Special:FilePath/Bae%20Jun-ho%2020092025%20%282%29.jpg,wikidata,
A,South Korea,18,FW,Oh Hyeon-gyu,韩国18号前锋,25,,27,6,Beşiktaş,False,https://commons.wikimedia.org/wiki/Special:FilePath/%EC%98%A4%ED%98%84%EA%B7%9C%202022%EB%85%84%20%EC%B9%B4%ED%83%80%EB%A5%B4%20%EC%9B%94%EB%93%9C%EC%BB%B5.jpg,wikidata,
A,South Korea,19,MF,Lee Kang-in,韩国19号中场,25,,47,11,Paris Saint-Germain,False,https://commons.wikimedia.org/wiki/Special:FilePath/Lee%20Kang-in%20-%202022%20%2852551771501%29%20%28cropped%29.jpg,wikidata,
A,South Korea,20,MF,Yang Hyun-jun,韩国20号中场,24,,9,0,Celtic,False,https://commons.wikimedia.org/wiki/Special:FilePath/Celtic-20240722-062%20%28cropped%29.jpg,wikidata,
A,South Korea,21,GK,Jo Hyeon-woo,韩国21号门将,34,,48,0,Ulsan HD,False,https://images.fotmob.com/image_resources/playerimages/433265.png,fotmob,https://www.fotmob.com/players/433265
A,South Korea,22,DF,Seol Young-woo,韩国22号后卫,27,,34,0,Red Star Belgrade,False,https://images.fotmob.com/image_resources/playerimages/1132818.png,fotmob,https://www.fotmob.com/players/1132818
A,South Korea,23,DF,Jens Castrop,韩国23号后卫,22,,7,0,Borussia Mönchengladbach,False,https://images.fotmob.com/image_resources/playerimages/1185902.png,fotmob,https://www.fotmob.com/players/1185902
A,South Korea,24,MF,Kim Jin-gyu,韩国24号中场,29,,22,3,Jeonbuk Hyundai Motors,False,https://images.fotmob.com/image_resources/playerimages/622980.png,fotmob,https://www.fotmob.com/players/622980
A,South Korea,25,MF,Eom Ji-sung,韩国25号中场,24,,9,2,Swansea City,False,https://commons.wikimedia.org/wiki/Special:FilePath/230917%20FC%20%EC%84%9C%EC%9A%B8%20vs%20%EA%B4%91%EC%A3%BC%20FC%20%28%EC%97%84%EC%A7%80%EC%84%B1%29.jpg,wikidata,
A,South Korea,26,MF,Lee Dong-gyeong,韩国26号中场,28,,18,4,Ulsan HD,False,https://images.fotmob.com/image_resources/playerimages/954131.png,fotmob,https://www.fotmob.com/players/954131
A,Czechia,1,GK,Matěj Kovář,捷克1号门将,26,,19,0,PSV Eindhoven,False,https://images.fotmob.com/image_resources/playerimages/1077903.png,fotmob,https://www.fotmob.com/players/1077903
A,Czechia,2,DF,David Zima,捷克2号后卫,25,,24,1,Slavia Prague,False,https://images.fotmob.com/image_resources/playerimages/1085401.png,fotmob,https://www.fotmob.com/players/1085401
A,Czechia,3,DF,Tomáš Holeš,捷克3号后卫,33,,40,2,Slavia Prague,False,https://images.fotmob.com/image_resources/playerimages/306168.png,fotmob,https://www.fotmob.com/players/306168
A,Czechia,4,DF,Robin Hranáč,捷克4号后卫,26,,13,1,TSG Hoffenheim,False,https://images.fotmob.com/image_resources/playerimages/1225995.png,fotmob,https://www.fotmob.com/players/1225995
A,Czechia,5,DF,Vladimír Coufal,捷克5号后卫,33,,61,2,TSG Hoffenheim,False,https://images.fotmob.com/image_resources/playerimages/307317.png,fotmob,https://www.fotmob.com/players/307317
A,Czechia,6,DF,Štěpán Chaloupek,捷克6号后卫,23,,4,0,Slavia Prague,False,https://images.fotmob.com/image_resources/playerimages/1288146.png,fotmob,https://www.fotmob.com/players/1288146
A,Czechia,7,DF,Ladislav Krejčí,捷克7号后卫,27,,26,5,Wolverhampton Wanderers,True,https://images.fotmob.com/image_resources/playerimages/798029.png,fotmob,https://www.fotmob.com/players/798029
A,Czechia,8,MF,Vladimír Darida,捷克8号中场,35,,78,8,Hradec Králové,False,https://images.fotmob.com/image_resources/playerimages/196311.png,fotmob,https://www.fotmob.com/players/196311
A,Czechia,9,FW,Adam Hložek,捷克9号前锋,23,,42,5,TSG Hoffenheim,False,https://images.fotmob.com/image_resources/playerimages/969870.png,fotmob,https://www.fotmob.com/players/969870
A,Czechia,10,FW,Patrik Schick,捷克10号前锋,30,,52,25,Bayer Leverkusen,False,https://images.fotmob.com/image_resources/playerimages/540097.png,fotmob,https://www.fotmob.com/players/540097
A,Czechia,11,FW,Jan Kuchta,捷克11号前锋,29,,31,3,Sparta Prague,False,https://images.fotmob.com/image_resources/playerimages/690332.png,fotmob,https://www.fotmob.com/players/690332
A,Czechia,12,MF,Lukáš Červ,捷克12号中场,25,,16,2,Viktoria Plzeň,False,https://images.fotmob.com/image_resources/playerimages/1151313.png,fotmob,https://www.fotmob.com/players/1151313
A,Czechia,13,FW,Mojmír Chytil,捷克13号前锋,27,,22,6,Slavia Prague,False,https://images.fotmob.com/image_resources/playerimages/988769.png,fotmob,https://www.fotmob.com/players/988769
A,Czechia,14,DF,David Jurásek,捷克14号后卫,25,,17,1,Slavia Prague,False,https://images.fotmob.com/image_resources/playerimages/1247323.png,fotmob,https://www.fotmob.com/players/1247323
A,Czechia,15,FW,Pavel Šulc,捷克15号前锋,25,,20,5,Lyon,False,https://images.fotmob.com/image_resources/playerimages/1037539.png,fotmob,https://www.fotmob.com/players/1037539
A,Czechia,16,GK,Jindřich Staněk,捷克16号门将,30,,14,0,Slavia Prague,False,https://images.fotmob.com/image_resources/playerimages/463967.png,fotmob,https://www.fotmob.com/players/463967
A,Czechia,17,MF,Lukáš Provod,捷克17号中场,29,,37,3,Slavia Prague,False,https://images.fotmob.com/image_resources/playerimages/791682.png,fotmob,https://www.fotmob.com/players/791682
A,Czechia,18,MF,Michal Sadílek,捷克18号中场,27,,34,1,Slavia Prague,False,https://images.fotmob.com/image_resources/playerimages/806551.png,fotmob,https://www.fotmob.com/players/806551
A,Czechia,19,FW,Tomáš Chorý,捷克19号前锋,31,,21,6,Slavia Prague,False,https://images.fotmob.com/image_resources/playerimages/523217.png,fotmob,https://www.fotmob.com/players/523217
A,Czechia,20,DF,Jaroslav Zelený,捷克20号后卫,33,,22,0,Sparta Prague,False,https://images.fotmob.com/image_resources/playerimages/249063.png,fotmob,https://www.fotmob.com/players/249063
A,Czechia,21,DF,David Douděra,捷克21号后卫,28,,16,2,Slavia Prague,False,https://images.fotmob.com/image_resources/playerimages/883759.png,fotmob,https://www.fotmob.com/players/883759
A,Czechia,22,MF,Tomáš Souček,捷克22号中场,31,,89,17,West Ham United,False,https://images.fotmob.com/image_resources/playerimages/524437.png,fotmob,https://www.fotmob.com/players/524437
A,Czechia,23,GK,Lukáš Horníček,捷克23号门将,23,,1,0,Braga,False,https://images.fotmob.com/image_resources/playerimages/1186978.png,fotmob,https://www.fotmob.com/players/1186978
A,Czechia,24,MF,Alexandr Sojka,捷克24号中场,23,,1,0,Viktoria Plzeň,False,https://images.fotmob.com/image_resources/playerimages/1478281.png,fotmob,https://www.fotmob.com/players/1478281
A,Czechia,25,MF,Hugo Sochůrek,捷克25号中场,18,,1,0,Sparta Prague,False,https://images.fotmob.com/image_resources/playerimages/1764021.png,fotmob,https://www.fotmob.com/players/1764021
A,Czechia,26,FW,Denis Višinský,捷克26号前锋,23,,1,0,Viktoria Plzeň,False,https://images.fotmob.com/image_resources/playerimages/1202885.png,fotmob,https://www.fotmob.com/players/1202885
B,Canada,1,GK,Dayne St. Clair,加拿大1号门将,29,1997-05-09,,,Minnesota United FC,False,https://images.fotmob.com/image_resources/playerimages/1026105.png,fotmob,https://www.fotmob.com/players/1026105
B,Canada,2,DF,Alistair Johnston,加拿大2号后卫,27,1998-10-08,,,Celtic FC,False,https://images.fotmob.com/image_resources/playerimages/1055426.png,fotmob,https://www.fotmob.com/players/1055426
B,Canada,3,DF,Luc de Fougerolles,加拿大3号后卫,20,2005-10-12,,,Fulham FC,False,https://images.fotmob.com/image_resources/playerimages/1399943.png,fotmob,https://www.fotmob.com/players/1399943
B,Canada,4,DF,Kamal Miller,加拿大4号后卫,29,1997-05-16,,,Portland Timbers,False,https://images.fotmob.com/image_resources/playerimages/1027412.png,fotmob,https://www.fotmob.com/players/1027412
B,Canada,5,DF,Joel Waterman,加拿大5号后卫,30,1996-01-24,,,CF Montréal,False,https://images.fotmob.com/image_resources/playerimages/1100258.png,fotmob,https://www.fotmob.com/players/1100258
B,Canada,6,DF,Samuel Adekugbe,加拿大6号后卫,31,1995-01-16,,,Vancouver Whitecaps FC,False,,,
B,Canada,7,MF,Stephen Eustáquio,加拿大7号中场,29,1996-12-21,,,FC Porto,False,https://images.fotmob.com/image_resources/playerimages/816223.png,fotmob,https://www.fotmob.com/players/816223
B,Canada,8,MF,Ismaël Koné,加拿大8号中场,24,2002-06-06,,,Sassuolo,False,https://images.fotmob.com/image_resources/playerimages/1288119.png,fotmob,https://www.fotmob.com/players/1288119
B,Canada,9,FW,Jonathan David,乔纳森·戴维,26,2000-01-14,,,Juventus,False,https://images.fotmob.com/image_resources/playerimages/939569.png,fotmob,https://www.fotmob.com/players/939569
B,Canada,10,MF,Jonathan Osorio,加拿大10号中场,33,1992-06-12,,,Toronto FC,False,https://images.fotmob.com/image_resources/playerimages/432605.png,fotmob,https://www.fotmob.com/players/432605
B,Canada,11,FW,Tajon Buchanan,加拿大11号前锋,27,1999-02-08,,,Villarreal CF,False,https://images.fotmob.com/image_resources/playerimages/1026135.png,fotmob,https://www.fotmob.com/players/1026135
B,Canada,12,GK,Thomas McGill,加拿大12号门将,26,2000-03-25,,,Milton Keynes Dons,False,,,
B,Canada,13,MF,Atiba Hutchinson,加拿大13号中场,43,1983-02-08,,,PSV Eindhoven,False,,,
B,Canada,14,FW,Jacob Shaffelburg,加拿大14号前锋,26,1999-11-26,,,Nashville SC,False,https://images.fotmob.com/image_resources/playerimages/1023943.png,fotmob,https://www.fotmob.com/players/1023943
B,Canada,15,DF,Moïse Bombito,加拿大15号后卫,26,2000-03-30,,,OGC Nice,False,https://images.fotmob.com/image_resources/playerimages/1440009.png,fotmob,https://www.fotmob.com/players/1440009
B,Canada,16,FW,Junior Hoilett,加拿大16号前锋,36,1990-06-05,,,CF Montréal,False,https://images.fotmob.com/image_resources/playerimages/113465.png,fotmob,https://www.fotmob.com/players/113465
B,Canada,17,FW,Tani Oluwaseyi,加拿大17号前锋,26,2000-05-15,,,Minnesota United FC,False,https://images.fotmob.com/image_resources/playerimages/1338740.png,fotmob,https://www.fotmob.com/players/1338740
B,Canada,18,FW,Jacen Russell-Rowe,加拿大18号前锋,23,2002-09-13,,,Columbus Crew,False,https://images.fotmob.com/image_resources/playerimages/1106866.png,fotmob,https://www.fotmob.com/players/1106866
B,Canada,19,FW,Alphonso Davies,阿方索·戴维斯,25,2000-11-02,,,Bayern Munich,False,https://images.fotmob.com/image_resources/playerimages/751202.png,fotmob,https://www.fotmob.com/players/751202
B,Canada,20,FW,Ali Ahmed,加拿大20号前锋,25,2000-10-10,,,Vancouver Whitecaps FC,False,https://images.fotmob.com/image_resources/playerimages/1359536.png,fotmob,https://www.fotmob.com/players/1359536
B,Canada,21,FW,Theo Bair,加拿大21号前锋,26,1999-08-27,,,AJ Auxerre,False,,,
B,Canada,22,DF,Richie Laryea,加拿大22号后卫,31,1995-01-07,,,Toronto FC,False,https://images.fotmob.com/image_resources/playerimages/729506.png,fotmob,https://www.fotmob.com/players/729506
B,Canada,23,GK,Jonathan Sirois,加拿大23号门将,24,2001-06-27,,,CF Montréal,False,https://images.fotmob.com/image_resources/playerimages/1168602.png,fotmob,https://www.fotmob.com/players/1168602
B,Canada,24,DF,Niko Sigur,加拿大24号后卫,22,2003-09-09,,,Hajduk Split,False,https://images.fotmob.com/image_resources/playerimages/1494508.png,fotmob,https://www.fotmob.com/players/1494508
B,Canada,25,MF,Mathieu Choinière,加拿大25号中场,27,1999-02-07,,,Grasshopper Club Zurich,False,https://images.fotmob.com/image_resources/playerimages/943428.png,fotmob,https://www.fotmob.com/players/943428
B,Canada,26,FW,Cyle Larin,加拿大26号前锋,31,1995-04-17,,,Feyenoord,False,https://images.fotmob.com/image_resources/playerimages/544312.png,fotmob,https://www.fotmob.com/players/544312
B,Switzerland,1,GK,Gregor Kobel,瑞士1号门将,28,,20,0,Borussia Dortmund,False,https://images.fotmob.com/image_resources/playerimages/764018.png,fotmob,https://www.fotmob.com/players/764018
B,Switzerland,2,DF,Miro Muheim,瑞士2号后卫,28,,9,0,Hamburger SV,False,https://images.fotmob.com/image_resources/playerimages/759817.png,fotmob,https://www.fotmob.com/players/759817
B,Switzerland,3,DF,Silvan Widmer,瑞士3号后卫,33,,59,5,Mainz 05,False,https://images.fotmob.com/image_resources/playerimages/275034.png,fotmob,https://www.fotmob.com/players/275034
B,Switzerland,4,DF,Nico Elvedi,瑞士4号后卫,29,,66,3,Borussia Mönchengladbach,False,https://images.fotmob.com/image_resources/playerimages/517346.png,fotmob,https://www.fotmob.com/players/517346
B,Switzerland,5,DF,Manuel Akanji,瑞士5号后卫,30,,80,4,Inter Milan,False,https://images.fotmob.com/image_resources/playerimages/521318.png,fotmob,https://www.fotmob.com/players/521318
B,Switzerland,6,MF,Denis Zakaria,瑞士6号中场,29,,64,3,Monaco,False,https://images.fotmob.com/image_resources/playerimages/598355.png,fotmob,https://www.fotmob.com/players/598355
B,Switzerland,7,FW,Breel Embolo,瑞士7号前锋,29,,86,24,Rennes,False,https://images.fotmob.com/image_resources/playerimages/527103.png,fotmob,https://www.fotmob.com/players/527103
B,Switzerland,8,MF,Remo Freuler,瑞士8号中场,34,,87,11,Bologna,False,https://images.fotmob.com/image_resources/playerimages/201704.png,fotmob,https://www.fotmob.com/players/201704
B,Switzerland,9,MF,Johan Manzambi,瑞士9号中场,20,,11,3,SC Freiburg,False,https://images.fotmob.com/image_resources/playerimages/1520063.png,fotmob,https://www.fotmob.com/players/1520063
B,Switzerland,10,MF,Granit Xhaka,瑞士10号中场,33,,145,17,Sunderland,True,https://images.fotmob.com/image_resources/playerimages/207236.png,fotmob,https://www.fotmob.com/players/207236
B,Switzerland,11,FW,Dan Ndoye,瑞士11号前锋,25,,30,7,Nottingham Forest,False,https://images.fotmob.com/image_resources/playerimages/1022649.png,fotmob,https://www.fotmob.com/players/1022649
B,Switzerland,12,GK,Yvon Mvogo,瑞士12号门将,32,,13,0,Lorient,False,https://images.fotmob.com/image_resources/playerimages/274787.png,fotmob,https://www.fotmob.com/players/274787
B,Switzerland,13,DF,Ricardo Rodriguez,瑞士13号后卫,33,,137,9,Real Betis,False,https://images.fotmob.com/image_resources/playerimages/115591.png,fotmob,https://www.fotmob.com/players/115591
B,Switzerland,14,MF,Ardon Jashari,瑞士14号中场,23,,7,0,Milan,False,https://images.fotmob.com/image_resources/playerimages/1163219.png,fotmob,https://www.fotmob.com/players/1163219
B,Switzerland,15,MF,Djibril Sow,瑞士15号中场,29,,51,0,Sevilla,False,https://images.fotmob.com/image_resources/playerimages/707970.png,fotmob,https://www.fotmob.com/players/707970
B,Switzerland,16,FW,Christian Fassnacht,瑞士16号前锋,32,,22,5,Young Boys,False,https://images.fotmob.com/image_resources/playerimages/618774.png,fotmob,https://www.fotmob.com/players/618774
B,Switzerland,17,FW,Rubén Vargas,瑞士17号前锋,27,,61,11,Sevilla,False,https://images.fotmob.com/image_resources/playerimages/860752.png,fotmob,https://www.fotmob.com/players/860752
B,Switzerland,18,DF,Eray Cömert,瑞士18号后卫,28,,21,0,Valencia,False,https://images.fotmob.com/image_resources/playerimages/705484.png,fotmob,https://www.fotmob.com/players/705484
B,Switzerland,19,FW,Noah Okafor,瑞士19号前锋,26,,24,2,Leeds United,False,https://images.fotmob.com/image_resources/playerimages/915797.png,fotmob,https://www.fotmob.com/players/915797
B,Switzerland,20,MF,Michel Aebischer,瑞士20号中场,29,,39,2,Pisa,False,https://images.fotmob.com/image_resources/playerimages/792756.png,fotmob,https://www.fotmob.com/players/792756
B,Switzerland,21,GK,Marvin Keller,瑞士21号门将,23,,1,0,Young Boys,False,https://images.fotmob.com/image_resources/playerimages/1107298.png,fotmob,https://www.fotmob.com/players/1107298
B,Switzerland,22,MF,Fabian Rieder,瑞士22号中场,24,,27,1,FC Augsburg,False,https://images.fotmob.com/image_resources/playerimages/1161211.png,fotmob,https://www.fotmob.com/players/1161211
B,Switzerland,23,FW,Zeki Amdouni,瑞士23号前锋,25,,28,11,Burnley,False,https://images.fotmob.com/image_resources/playerimages/1067168.png,fotmob,https://www.fotmob.com/players/1067168
B,Switzerland,24,DF,Aurèle Amenda,瑞士24号后卫,22,,6,0,Eintracht Frankfurt,False,https://images.fotmob.com/image_resources/playerimages/1257648.png,fotmob,https://www.fotmob.com/players/1257648
B,Switzerland,25,DF,Luca Jaquez,瑞士25号后卫,23,,3,0,VfB Stuttgart,False,https://images.fotmob.com/image_resources/playerimages/1270002.png,fotmob,https://www.fotmob.com/players/1270002
B,Switzerland,26,FW,Cedric Itten,瑞士26号前锋,29,,14,5,Fortuna Düsseldorf,False,https://images.fotmob.com/image_resources/playerimages/726956.png,fotmob,https://www.fotmob.com/players/726956
B,Qatar,1,GK,Mahmud Abunada,卡塔尔1号门将,26,,4,0,Al-Rayyan,False,https://images.fotmob.com/image_resources/playerimages/1213141.png,fotmob,https://www.fotmob.com/players/1213141
B,Qatar,2,DF,Pedro Miguel,卡塔尔2号后卫,35,,98,3,Al-Sadd,False,https://images.fotmob.com/image_resources/playerimages/734637.png,fotmob,https://www.fotmob.com/players/734637
B,Qatar,3,DF,Lucas Mendes,卡塔尔3号后卫,35,,25,1,Al-Wakrah,False,https://images.fotmob.com/image_resources/playerimages/149583.png,fotmob,https://www.fotmob.com/players/149583
B,Qatar,4,DF,Issa Laye,卡塔尔4号后卫,28,,3,0,Al-Arabi,False,https://images.fotmob.com/image_resources/playerimages/1839745.png,fotmob,https://www.fotmob.com/players/1839745
B,Qatar,5,DF,Jassem Gaber,卡塔尔5号后卫,24,,31,1,Al-Rayyan,False,https://images.fotmob.com/image_resources/playerimages/1195865.png,fotmob,https://www.fotmob.com/players/1195865
B,Qatar,6,MF,Abdulaziz Hatem,卡塔尔6号中场,36,,117,11,Al-Rayyan,False,https://images.fotmob.com/image_resources/playerimages/308909.png,fotmob,https://www.fotmob.com/players/308909
B,Qatar,7,FW,Ahmed Alaaeldin,卡塔尔7号前锋,33,,67,9,Al-Rayyan,False,https://commons.wikimedia.org/wiki/Special:FilePath/Qatar%20v%20Japan%20%E2%80%93%20AFC%20Asian%20Cup%202019%20final%2004%20%28cropped%29.jpg,wikidata,
B,Qatar,8,FW,Edmilson Junior,卡塔尔8号前锋,31,,15,0,Al-Duhail,False,https://images.fotmob.com/image_resources/playerimages/365245.png,fotmob,https://www.fotmob.com/players/365245
B,Qatar,9,FW,Mohammed Muntari,卡塔尔9号前锋,32,,67,16,Al-Gharafa,False,https://images.fotmob.com/image_resources/playerimages/431151.png,fotmob,https://www.fotmob.com/players/431151
B,Qatar,10,FW,Hassan Al-Haydos,卡塔尔10号前锋,35,,185,41,Al-Sadd,True,https://images.fotmob.com/image_resources/playerimages/117539.png,fotmob,https://www.fotmob.com/players/117539
B,Qatar,11,FW,Akram Afif,阿克拉姆·阿菲夫,29,,124,39,Al-Sadd,False,https://images.fotmob.com/image_resources/playerimages/613792.png,fotmob,https://www.fotmob.com/players/613792
B,Qatar,12,MF,Karim Boudiaf,卡塔尔12号中场,35,,117,5,Al-Duhail,False,https://images.fotmob.com/image_resources/playerimages/309153.png,fotmob,https://www.fotmob.com/players/309153
B,Qatar,13,DF,Ayoub Al-Oui,卡塔尔13号后卫,21,,5,0,Al-Gharafa,False,https://images.fotmob.com/image_resources/playerimages/1432180.png,fotmob,https://www.fotmob.com/players/1432180
B,Qatar,14,DF,Homam Ahmed,卡塔尔14号后卫,26,,67,3,Cultural Leonesa,False,https://commons.wikimedia.org/wiki/Special:FilePath/Asian%20Nations%20Cup%20Iran%20-%20Qatar%20%288%29%20%28cropped%29.jpg,wikidata,
B,Qatar,15,FW,Yusuf Abdurisag,卡塔尔15号前锋,26,,38,3,Al-Wakrah,False,https://images.fotmob.com/image_resources/playerimages/1053987.png,fotmob,https://www.fotmob.com/players/1053987
B,Qatar,16,DF,Boualem Khoukhi,卡塔尔16号后卫,35,,115,20,Al-Sadd,False,https://images.fotmob.com/image_resources/playerimages/308921.png,fotmob,https://www.fotmob.com/players/308921
B,Qatar,17,MF,Ahmed Al-Ganehi,卡塔尔17号中场,25,,13,1,Al-Gharafa,False,https://images.fotmob.com/image_resources/playerimages/1210913.png,fotmob,https://www.fotmob.com/players/1210913
B,Qatar,18,DF,Sultan Al-Brake,卡塔尔18号后卫,30,,16,0,Al-Duhail,False,https://images.fotmob.com/image_resources/playerimages/644014.png,fotmob,https://www.fotmob.com/players/644014
B,Qatar,19,FW,Almoez Ali,阿尔莫埃兹·阿里,29,,115,55,Al-Duhail,False,https://images.fotmob.com/image_resources/playerimages/644017.png,fotmob,https://www.fotmob.com/players/644017
B,Qatar,20,MF,Ahmed Fathy,卡塔尔20号中场,33,,47,0,Al-Arabi,False,https://images.fotmob.com/image_resources/playerimages/898424.png,fotmob,https://www.fotmob.com/players/898424
B,Qatar,21,GK,Salah Zakaria,卡塔尔21号门将,27,,8,0,Al-Duhail,False,https://images.fotmob.com/image_resources/playerimages/1053982.png,fotmob,https://www.fotmob.com/players/1053982
B,Qatar,22,GK,Meshaal Barsham,卡塔尔22号门将,28,,52,0,Al-Sadd,False,https://images.fotmob.com/image_resources/playerimages/922387.png,fotmob,https://www.fotmob.com/players/922387
B,Qatar,23,MF,Assim Madibo,卡塔尔23号中场,29,,50,0,Al-Wakrah,False,https://images.fotmob.com/image_resources/playerimages/615414.png,fotmob,https://www.fotmob.com/players/615414
B,Qatar,24,FW,Tahsin Jamshid,卡塔尔24号前锋,19,,2,0,Al-Duhail,False,,,
B,Qatar,25,DF,Al-Hashmi Al-Hussain,卡塔尔25号后卫,22,,7,0,Al-Arabi,False,https://images.fotmob.com/image_resources/playerimages/1642780.png,fotmob,https://www.fotmob.com/players/1642780
B,Qatar,26,FW,Mohamed Manai,卡塔尔26号前锋,23,,9,0,Al-Shamal,False,,,
B,Bosnia and Herzegovina,1,GK,Nikola Vasilj,波黑1号门将,30,,25,0,FC St. Pauli,False,https://images.fotmob.com/image_resources/playerimages/466867.png,fotmob,https://www.fotmob.com/players/466867
B,Bosnia and Herzegovina,2,DF,Nihad Mujakić,波黑2号后卫,28,,11,1,Gaziantep,False,https://images.fotmob.com/image_resources/playerimages/857436.png,fotmob,https://www.fotmob.com/players/857436
B,Bosnia and Herzegovina,3,DF,Dennis Hadžikadunić,波黑3号后卫,27,,31,0,Sampdoria,False,https://images.fotmob.com/image_resources/playerimages/797797.png,fotmob,https://www.fotmob.com/players/797797
B,Bosnia and Herzegovina,4,DF,Tarik Muharemović,波黑4号后卫,23,,13,1,Sassuolo,False,https://images.fotmob.com/image_resources/playerimages/1250485.png,fotmob,https://www.fotmob.com/players/1250485
B,Bosnia and Herzegovina,5,DF,Sead Kolašinac,波黑5号后卫,32,,64,0,Atalanta,False,https://images.fotmob.com/image_resources/playerimages/304345.png,fotmob,https://www.fotmob.com/players/304345
B,Bosnia and Herzegovina,6,MF,Benjamin Tahirović,波黑6号中场,23,,27,2,Brøndby,False,https://images.fotmob.com/image_resources/playerimages/1415104.png,fotmob,https://www.fotmob.com/players/1415104
B,Bosnia and Herzegovina,7,DF,Amar Dedić,波黑7号后卫,23,,27,1,Benfica,False,https://images.fotmob.com/image_resources/playerimages/958010.png,fotmob,https://www.fotmob.com/players/958010
B,Bosnia and Herzegovina,8,MF,Armin Gigović,波黑8号中场,24,,19,1,Young Boys,False,https://images.fotmob.com/image_resources/playerimages/1057426.png,fotmob,https://www.fotmob.com/players/1057426
B,Bosnia and Herzegovina,9,FW,Samed Baždar,波黑9号前锋,22,,12,1,Jagiellonia Białystok,False,https://images.fotmob.com/image_resources/playerimages/1284492.png,fotmob,https://www.fotmob.com/players/1284492
B,Bosnia and Herzegovina,10,FW,Ermedin Demirović,波黑10号前锋,28,,39,4,VfB Stuttgart,False,https://images.fotmob.com/image_resources/playerimages/840241.png,fotmob,https://www.fotmob.com/players/840241
B,Bosnia and Herzegovina,11,FW,Edin Džeko,波黑11号前锋,40,,148,73,Schalke 04,True,https://images.fotmob.com/image_resources/playerimages/15403.png,fotmob,https://www.fotmob.com/players/15403
B,Bosnia and Herzegovina,12,GK,Mladen Jurkas,波黑12号门将,18,,0,0,Borac Banja Luka,False,https://images.fotmob.com/image_resources/playerimages/1726288.png,fotmob,https://www.fotmob.com/players/1726288
B,Bosnia and Herzegovina,13,MF,Ivan Bašić,波黑13号中场,24,,16,0,Astana,False,https://images.fotmob.com/image_resources/playerimages/1179875.png,fotmob,https://www.fotmob.com/players/1179875
B,Bosnia and Herzegovina,14,MF,Ivan Šunjić,波黑14号中场,29,,11,0,Pafos,False,https://images.fotmob.com/image_resources/playerimages/541551.png,fotmob,https://www.fotmob.com/players/541551
B,Bosnia and Herzegovina,15,MF,Amar Memić,波黑15号中场,25,,12,1,Viktoria Plzeň,False,https://images.fotmob.com/image_resources/playerimages/1300385.png,fotmob,https://www.fotmob.com/players/1300385
B,Bosnia and Herzegovina,16,MF,Amir Hadžiahmetović,波黑16号中场,29,,35,0,Hull City,False,https://images.fotmob.com/image_resources/playerimages/639558.png,fotmob,https://www.fotmob.com/players/639558
B,Bosnia and Herzegovina,17,MF,Dženis Burnić,波黑17号中场,28,,19,0,Karlsruher SC,False,https://images.fotmob.com/image_resources/playerimages/660148.png,fotmob,https://www.fotmob.com/players/660148
B,Bosnia and Herzegovina,18,DF,Nikola Katić,波黑18号后卫,29,,16,1,Schalke 04,False,https://images.fotmob.com/image_resources/playerimages/725655.png,fotmob,https://www.fotmob.com/players/725655
B,Bosnia and Herzegovina,19,FW,Kerim Alajbegović,波黑19号前锋,18,,9,1,Red Bull Salzburg,False,https://images.fotmob.com/image_resources/playerimages/1684401.png,fotmob,https://www.fotmob.com/players/1684401
B,Bosnia and Herzegovina,20,FW,Esmir Bajraktarević,波黑20号前锋,21,,15,1,PSV Eindhoven,False,https://images.fotmob.com/image_resources/playerimages/1346860.png,fotmob,https://www.fotmob.com/players/1346860
B,Bosnia and Herzegovina,21,DF,Stjepan Radeljić,波黑21号后卫,28,,5,0,Rijeka,False,https://images.fotmob.com/image_resources/playerimages/653982.png,fotmob,https://www.fotmob.com/players/653982
B,Bosnia and Herzegovina,22,GK,Martin Zlomislić,波黑22号门将,27,,3,0,Rijeka,False,https://images.fotmob.com/image_resources/playerimages/857661.png,fotmob,https://www.fotmob.com/players/857661
B,Bosnia and Herzegovina,23,FW,Haris Tabaković,波黑23号前锋,31,,10,4,Borussia Mönchengladbach,False,https://images.fotmob.com/image_resources/playerimages/388903.png,fotmob,https://www.fotmob.com/players/388903
B,Bosnia and Herzegovina,24,DF,Nidal Čelik,波黑24号后卫,19,,1,0,Lens,False,https://images.fotmob.com/image_resources/playerimages/1657810.png,fotmob,https://www.fotmob.com/players/1657810
B,Bosnia and Herzegovina,25,FW,Jovo Lukić,波黑25号前锋,27,,2,0,Universitatea Cluj,False,https://images.fotmob.com/image_resources/playerimages/1174844.png,fotmob,https://www.fotmob.com/players/1174844
B,Bosnia and Herzegovina,26,MF,Ermin Mahmić,波黑26号中场,21,,1,0,Slovan Liberec,False,https://images.fotmob.com/image_resources/playerimages/1528815.png,fotmob,https://www.fotmob.com/players/1528815
C,Brazil,1,GK,Alisson,巴西1号门将,33,,77,0,Liverpool,False,https://commons.wikimedia.org/wiki/Special:FilePath/Alisson%20S%C3%A3o%20Paulo.jpg,wikidata,
C,Brazil,2,DF,Wesley,巴西2号后卫,22,,7,0,Roma,False,https://images.fotmob.com/image_resources/playerimages/1320176.png,fotmob,https://www.fotmob.com/players/1320176
C,Brazil,3,DF,Gabriel Magalhães,巴西3号后卫,28,,17,1,Arsenal,False,https://commons.wikimedia.org/wiki/Special:FilePath/GabrielLille2019.png,wikidata,
C,Brazil,4,DF,Marquinhos,马尔基尼奥斯,32,,104,7,Paris Saint-Germain,True,https://images.fotmob.com/image_resources/playerimages/267365.png,fotmob,https://www.fotmob.com/players/267365
C,Brazil,5,MF,Casemiro,卡塞米罗,34,,85,9,Manchester United,False,https://images.fotmob.com/image_resources/playerimages/208494.png,fotmob,https://www.fotmob.com/players/208494
C,Brazil,6,DF,Alex Sandro,巴西6号后卫,35,,44,2,Flamengo,False,https://images.fotmob.com/image_resources/playerimages/157865.png,fotmob,https://www.fotmob.com/players/157865
C,Brazil,7,FW,Vinícius Júnior,维尼修斯,25,,48,9,Real Madrid,False,https://images.fotmob.com/image_resources/playerimages/846033.png,fotmob,https://www.fotmob.com/players/846033
C,Brazil,8,MF,Bruno Guimarães,布鲁诺·吉马良斯,28,,42,2,Newcastle United,False,https://images.fotmob.com/image_resources/playerimages/850354.png,fotmob,https://www.fotmob.com/players/850354
C,Brazil,9,FW,Matheus Cunha,巴西9号前锋,27,,22,1,Manchester United,False,https://images.fotmob.com/image_resources/playerimages/863098.png,fotmob,https://www.fotmob.com/players/863098
C,Brazil,10,FW,Neymar,内马尔,34,,128,79,Santos,False,https://images.fotmob.com/image_resources/playerimages/19533.png,fotmob,https://www.fotmob.com/players/19533
C,Brazil,11,FW,Raphinha,拉菲尼亚,29,,38,11,Barcelona,False,https://images.fotmob.com/image_resources/playerimages/696679.png,fotmob,https://www.fotmob.com/players/696679
C,Brazil,12,GK,Weverton,巴西12号门将,38,,10,0,Grêmio,False,https://images.fotmob.com/image_resources/playerimages/267826.png,fotmob,https://www.fotmob.com/players/267826
C,Brazil,13,DF,Danilo Luiz,巴西13号后卫,34,,69,1,Flamengo,False,https://commons.wikimedia.org/wiki/Special:FilePath/20180610%20FIFA%20Friendly%20Match%20Austria%20vs.%20Brazil%20Danilo%20Luiz%20850%201591%20%28cropped%29.jpg,wikidata,
C,Brazil,14,DF,Bremer,巴西14号后卫,29,,7,1,Juventus,False,https://images.fotmob.com/image_resources/playerimages/857269.png,fotmob,https://www.fotmob.com/players/857269
C,Brazil,15,DF,Léo Pereira,巴西15号后卫,30,,3,0,Flamengo,False,https://images.fotmob.com/image_resources/playerimages/523801.png,fotmob,https://www.fotmob.com/players/523801
C,Brazil,16,DF,Douglas Santos,巴西16号后卫,32,,6,0,Zenit Saint Petersburg,False,https://images.fotmob.com/image_resources/playerimages/346000.png,fotmob,https://www.fotmob.com/players/346000
C,Brazil,17,MF,Fabinho,法比尼奥,32,,32,0,Al-Ittihad,False,https://images.fotmob.com/image_resources/playerimages/359188.png,fotmob,https://www.fotmob.com/players/359188
C,Brazil,18,MF,Danilo Santos,巴西18号中场,25,,3,2,Botafogo,False,https://images.fotmob.com/image_resources/playerimages/1181700.png,fotmob,https://www.fotmob.com/players/1181700
C,Brazil,19,FW,Endrick,巴西19号前锋,19,,16,3,Lyon,False,https://images.fotmob.com/image_resources/playerimages/1406729.png,fotmob,https://www.fotmob.com/players/1406729
C,Brazil,20,MF,Lucas Paquetá,巴西20号中场,28,,62,13,Flamengo,False,https://images.fotmob.com/image_resources/playerimages/766435.png,fotmob,https://www.fotmob.com/players/766435
C,Brazil,21,FW,Luiz Henrique,巴西21号前锋,25,,14,2,Zenit Saint Petersburg,False,https://images.fotmob.com/image_resources/playerimages/1176214.png,fotmob,https://www.fotmob.com/players/1176214
C,Brazil,22,FW,Gabriel Martinelli,巴西22号前锋,24,,22,4,Arsenal,False,https://images.fotmob.com/image_resources/playerimages/1021586.png,fotmob,https://www.fotmob.com/players/1021586
C,Brazil,23,GK,Ederson,巴西23号门将,32,,32,0,Fenerbahçe,False,https://images.fotmob.com/image_resources/playerimages/363364.png,fotmob,https://www.fotmob.com/players/363364
C,Brazil,24,DF,Roger Ibañez,巴西24号后卫,27,,6,0,Al-Ahli,False,https://commons.wikimedia.org/wiki/Special:FilePath/Roger%20Iba%C3%B1ez%20da%20Silva.jpg,wikidata,
C,Brazil,25,FW,Igor Thiago,巴西25号前锋,24,,3,2,Brentford,False,https://images.fotmob.com/image_resources/playerimages/1302005.png,fotmob,https://www.fotmob.com/players/1302005
C,Brazil,26,FW,Rayan,巴西26号前锋,19,,2,1,Bournemouth,False,https://commons.wikimedia.org/wiki/Special:FilePath/Rayan%202026.png,wikidata,
C,Morocco,1,GK,Yassine Bounou,亚辛·布努,35,,89,0,Al-Hilal,False,https://images.fotmob.com/image_resources/playerimages/340020.png,fotmob,https://www.fotmob.com/players/340020
C,Morocco,2,DF,Achraf Hakimi,阿什拉夫·哈基米,27,,95,11,Paris Saint-Germain,True,https://images.fotmob.com/image_resources/playerimages/770881.png,fotmob,https://www.fotmob.com/players/770881
C,Morocco,3,DF,Noussair Mazraoui,摩洛哥3号后卫,28,,44,2,Manchester United,False,https://images.fotmob.com/image_resources/playerimages/775539.png,fotmob,https://www.fotmob.com/players/775539
C,Morocco,4,MF,Sofyan Amrabat,索菲扬·阿姆拉巴特,29,,74,0,Real Betis,False,https://images.fotmob.com/image_resources/playerimages/593116.png,fotmob,https://www.fotmob.com/players/593116
C,Morocco,5,DF,Nayef Aguerd,摩洛哥5号后卫,30,,64,2,Marseille,False,https://images.fotmob.com/image_resources/playerimages/617310.png,fotmob,https://www.fotmob.com/players/617310
C,Morocco,6,MF,Ayyoub Bouaddi,摩洛哥6号中场,18,,3,0,Lille,False,https://images.fotmob.com/image_resources/playerimages/1561552.png,fotmob,https://www.fotmob.com/players/1561552
C,Morocco,7,MF,Chemsdine Talbi,摩洛哥7号中场,21,,5,0,Sunderland,False,https://images.fotmob.com/image_resources/playerimages/1368654.png,fotmob,https://www.fotmob.com/players/1368654
C,Morocco,8,MF,Azzedine Ounahi,摩洛哥8号中场,26,,48,9,Girona,False,https://images.fotmob.com/image_resources/playerimages/1073143.png,fotmob,https://www.fotmob.com/players/1073143
C,Morocco,9,FW,Soufiane Rahimi,摩洛哥9号前锋,30,,36,12,Al Ain,False,https://images.fotmob.com/image_resources/playerimages/988749.png,fotmob,https://www.fotmob.com/players/988749
C,Morocco,10,FW,Brahim Díaz,摩洛哥10号前锋,26,,25,13,Real Madrid,False,https://images.fotmob.com/image_resources/playerimages/750027.png,fotmob,https://www.fotmob.com/players/750027
C,Morocco,11,MF,Ismael Saibari,摩洛哥11号中场,25,,30,9,PSV Eindhoven,False,https://images.fotmob.com/image_resources/playerimages/1180288.png,fotmob,https://www.fotmob.com/players/1180288
C,Morocco,12,GK,Munir Mohamedi,摩洛哥12号门将,37,,53,0,RS Berkane,False,https://images.fotmob.com/image_resources/playerimages/573787.png,fotmob,https://www.fotmob.com/players/573787
C,Morocco,13,DF,Zakaria El Ouahdi,摩洛哥13号后卫,24,,2,0,Genk,False,https://images.fotmob.com/image_resources/playerimages/1287871.png,fotmob,https://www.fotmob.com/players/1287871
C,Morocco,14,DF,Issa Diop,摩洛哥14号后卫,29,,3,0,Fulham,False,https://images.fotmob.com/image_resources/playerimages/696443.png,fotmob,https://www.fotmob.com/players/696443
C,Morocco,15,MF,Samir El Mourabet,摩洛哥15号中场,20,,3,0,Strasbourg,False,https://images.fotmob.com/image_resources/playerimages/1598170.png,fotmob,https://www.fotmob.com/players/1598170
C,Morocco,16,MF,Gessime Yassine,摩洛哥16号中场,20,,5,0,Strasbourg,False,https://images.fotmob.com/image_resources/playerimages/1603755.png,fotmob,https://www.fotmob.com/players/1603755
C,Morocco,17,FW,Abde Ezzalzouli,摩洛哥17号前锋,24,,36,2,Real Betis,False,https://images.fotmob.com/image_resources/playerimages/1209399.png,fotmob,https://www.fotmob.com/players/1209399
C,Morocco,18,DF,Chadi Riad,摩洛哥18号后卫,22,,5,1,Crystal Palace,False,https://images.fotmob.com/image_resources/playerimages/1187506.png,fotmob,https://www.fotmob.com/players/1187506
C,Morocco,19,DF,Youssef Belammari,摩洛哥19号后卫,27,,18,0,Al Ahly,False,https://images.fotmob.com/image_resources/playerimages/909908.png,fotmob,https://www.fotmob.com/players/909908
C,Morocco,20,FW,Ayoub El Kaabi,摩洛哥20号前锋,32,,71,37,Olympiacos,False,https://images.fotmob.com/image_resources/playerimages/884382.png,fotmob,https://www.fotmob.com/players/884382
C,Morocco,21,FW,Ayoube Amaimouni,摩洛哥21号前锋,21,,1,0,Eintracht Frankfurt,False,https://images.fotmob.com/image_resources/playerimages/1680173.png,fotmob,https://www.fotmob.com/players/1680173
C,Morocco,22,GK,Ahmed Reda Tagnaouti,摩洛哥22号门将,30,,3,0,AS FAR,False,https://commons.wikimedia.org/wiki/Special:FilePath/%D8%A3%D8%AD%D9%85%D8%AF%20%D8%B1%D8%B6%D8%A7%20%D8%A7%D9%84%D8%AA%D9%83%D9%86%D8%A7%D9%88%D8%AA%D9%8A.jpg,wikidata,
C,Morocco,23,MF,Bilal El Khannouss,摩洛哥23号中场,22,,36,3,VfB Stuttgart,False,https://images.fotmob.com/image_resources/playerimages/1340895.png,fotmob,https://www.fotmob.com/players/1340895
C,Morocco,24,MF,Neil El Aynaoui,摩洛哥24号中场,24,,15,2,Roma,False,https://images.fotmob.com/image_resources/playerimages/1274060.png,fotmob,https://www.fotmob.com/players/1274060
C,Morocco,25,DF,Redouane Halhal,摩洛哥25号后卫,23,,2,0,Mechelen,False,https://images.fotmob.com/image_resources/playerimages/1298186.png,fotmob,https://www.fotmob.com/players/1298186
C,Morocco,26,DF,Anass Salah-Eddine,摩洛哥26号后卫,24,,9,0,PSV Eindhoven,False,https://images.fotmob.com/image_resources/playerimages/1050838.png,fotmob,https://www.fotmob.com/players/1050838
C,Haiti,1,GK,Johny Placide,海地1号门将,38,,80,0,Bastia,True,https://images.fotmob.com/image_resources/playerimages/103468.png,fotmob,https://www.fotmob.com/players/103468
C,Haiti,2,DF,Carlens Arcus,海地2号后卫,29,,52,1,Angers,False,https://images.fotmob.com/image_resources/playerimages/634110.png,fotmob,https://www.fotmob.com/players/634110
C,Haiti,3,DF,Keeto Thermoncy,海地3号后卫,20,,1,0,Young Boys,False,https://images.fotmob.com/image_resources/playerimages/1807873.png,fotmob,https://www.fotmob.com/players/1807873
C,Haiti,4,DF,Ricardo Adé,海地4号后卫,36,,58,2,LDU Quito,False,https://images.fotmob.com/image_resources/playerimages/532700.png,fotmob,https://www.fotmob.com/players/532700
C,Haiti,5,DF,Hannes Delcroix,海地5号后卫,27,,6,0,Lugano,False,https://images.fotmob.com/image_resources/playerimages/822716.png,fotmob,https://www.fotmob.com/players/822716
C,Haiti,6,MF,Carl Sainté,海地6号中场,23,,26,0,El Paso Locomotive FC,False,https://images.fotmob.com/image_resources/playerimages/1107287.png,fotmob,https://www.fotmob.com/players/1107287
C,Haiti,7,FW,Derrick Etienne Jr.,海地7号前锋,29,,47,8,Toronto FC,False,https://commons.wikimedia.org/wiki/Special:FilePath/Derrick%20Etienne%20%2828411015376%29%20%28cropped2%29.jpg,wikidata,
C,Haiti,8,DF,Martin Expérience,海地8号后卫,27,,20,0,Nancy,False,https://images.fotmob.com/image_resources/playerimages/1181438.png,fotmob,https://www.fotmob.com/players/1181438
C,Haiti,9,FW,Duckens Nazon,海地9号前锋,32,,77,44,Esteghlal,False,https://images.fotmob.com/image_resources/playerimages/525445.png,fotmob,https://www.fotmob.com/players/525445
C,Haiti,10,MF,Jean-Ricner Bellegarde,海地10号中场,27,,9,0,Wolverhampton Wanderers,False,https://images.fotmob.com/image_resources/playerimages/769166.png,fotmob,https://www.fotmob.com/players/769166
C,Haiti,11,FW,Louicius Deedson,海地11号前锋,25,,31,10,FC Dallas,False,,,
C,Haiti,12,GK,Alexandre Pierre,海地12号门将,25,,15,0,Sochaux,False,https://images.fotmob.com/image_resources/playerimages/1209244.png,fotmob,https://www.fotmob.com/players/1209244
C,Haiti,13,DF,Duke Lacroix,海地13号后卫,32,,15,3,Colorado Springs Switchbacks FC,False,https://images.fotmob.com/image_resources/playerimages/649744.png,fotmob,https://www.fotmob.com/players/649744
C,Haiti,14,MF,Leverton Pierre,海地14号中场,28,,33,0,Vizela,False,https://images.fotmob.com/image_resources/playerimages/899318.png,fotmob,https://www.fotmob.com/players/899318
C,Haiti,15,FW,Ruben Providence,海地15号前锋,24,,14,3,Almere City,False,https://images.fotmob.com/image_resources/playerimages/1200016.png,fotmob,https://www.fotmob.com/players/1200016
C,Haiti,16,FW,Lenny Joseph,海地16号前锋,25,,1,1,Ferencváros,False,https://images.fotmob.com/image_resources/playerimages/1242314.png,fotmob,https://www.fotmob.com/players/1242314
C,Haiti,17,MF,Danley Jean Jacques,海地17号中场,26,,29,6,Philadelphia Union,False,https://images.fotmob.com/image_resources/playerimages/1329461.png,fotmob,https://www.fotmob.com/players/1329461
C,Haiti,18,FW,Wilson Isidor,海地18号前锋,25,,3,1,Sunderland,False,https://images.fotmob.com/image_resources/playerimages/887703.png,fotmob,https://www.fotmob.com/players/887703
C,Haiti,19,FW,Yassin Fortuné,海地19号前锋,27,,4,0,Vizela,False,https://images.fotmob.com/image_resources/playerimages/759569.png,fotmob,https://www.fotmob.com/players/759569
C,Haiti,20,FW,Frantzdy Pierrot,海地20号前锋,31,,50,34,Çaykur Rizespor,False,https://images.fotmob.com/image_resources/playerimages/833641.png,fotmob,https://www.fotmob.com/players/833641
C,Haiti,21,FW,Josué Casimir,海地21号前锋,24,,6,0,Auxerre,False,https://images.fotmob.com/image_resources/playerimages/1199382.png,fotmob,https://www.fotmob.com/players/1199382
C,Haiti,22,DF,Jean-Kévin Duverne,海地22号后卫,28,,16,1,Gent,False,https://images.fotmob.com/image_resources/playerimages/769168.png,fotmob,https://www.fotmob.com/players/769168
C,Haiti,23,GK,Josué Duverger,海地23号门将,26,,6,0,Cosmos Koblenz,False,https://images.fotmob.com/image_resources/playerimages/899023.png,fotmob,https://www.fotmob.com/players/899023
C,Haiti,24,DF,Wilguens Paugain,海地24号后卫,24,,7,0,Zulte Waregem,False,https://images.fotmob.com/image_resources/playerimages/1394254.png,fotmob,https://www.fotmob.com/players/1394254
C,Haiti,25,MF,Dominique Simon,海地25号中场,25,,1,0,Tatran Prešov,False,https://images.fotmob.com/image_resources/playerimages/1356595.png,fotmob,https://www.fotmob.com/players/1356595
C,Haiti,26,MF,Woodensky Pierre,海地26号中场,21,,1,0,Violette,False,,,
C,Scotland,1,GK,Angus Gunn,苏格兰1号门将,30,,21,0,Nottingham Forest,False,https://images.fotmob.com/image_resources/playerimages/760746.png,fotmob,https://www.fotmob.com/players/760746
C,Scotland,2,DF,Aaron Hickey,苏格兰2号后卫,24,,20,0,Brentford,False,https://images.fotmob.com/image_resources/playerimages/1002039.png,fotmob,https://www.fotmob.com/players/1002039
C,Scotland,3,DF,Andy Robertson,安迪·罗伯逊,32,,93,4,Liverpool,True,https://images.fotmob.com/image_resources/playerimages/357880.png,fotmob,https://www.fotmob.com/players/357880
C,Scotland,4,MF,Scott McTominay,斯科特·麦克托米奈,29,,69,14,Napoli,False,https://images.fotmob.com/image_resources/playerimages/843099.png,fotmob,https://www.fotmob.com/players/843099
C,Scotland,5,DF,Grant Hanley,苏格兰5号后卫,34,,67,2,Hibernian,False,https://images.fotmob.com/image_resources/playerimages/202180.png,fotmob,https://www.fotmob.com/players/202180
C,Scotland,6,DF,Kieran Tierney,苏格兰6号后卫,29,,55,2,Celtic,False,https://images.fotmob.com/image_resources/playerimages/582499.png,fotmob,https://www.fotmob.com/players/582499
C,Scotland,7,MF,John McGinn,约翰·麦金,31,,85,20,Aston Villa,False,https://images.fotmob.com/image_resources/playerimages/356406.png,fotmob,https://www.fotmob.com/players/356406
C,Scotland,8,MF,Tyler Fletcher,苏格兰8号中场,19,,1,0,Manchester United,False,https://images.fotmob.com/image_resources/playerimages/1676985.png,fotmob,https://www.fotmob.com/players/1676985
C,Scotland,9,FW,Lyndon Dykes,苏格兰9号前锋,30,,51,10,Charlton Athletic,False,https://images.fotmob.com/image_resources/playerimages/768635.png,fotmob,https://www.fotmob.com/players/768635
C,Scotland,10,FW,Ché Adams,苏格兰10号前锋,29,,46,11,Torino,False,https://images.fotmob.com/image_resources/playerimages/599353.png,fotmob,https://www.fotmob.com/players/599353
C,Scotland,11,MF,Ryan Christie,苏格兰11号中场,31,,67,10,Bournemouth,False,https://images.fotmob.com/image_resources/playerimages/439369.png,fotmob,https://www.fotmob.com/players/439369
C,Scotland,12,GK,Liam Kelly,苏格兰12号门将,30,,3,0,Rangers,False,https://images.fotmob.com/image_resources/playerimages/445522.png,fotmob,https://www.fotmob.com/players/445522
C,Scotland,13,DF,Jack Hendry,苏格兰13号后卫,31,,37,3,Al-Ettifaq,False,https://images.fotmob.com/image_resources/playerimages/640642.png,fotmob,https://www.fotmob.com/players/640642
C,Scotland,14,FW,Ross Stewart,苏格兰14号前锋,29,,2,0,Southampton,False,https://images.fotmob.com/image_resources/playerimages/776159.png,fotmob,https://www.fotmob.com/players/776159
C,Scotland,15,DF,John Souttar,苏格兰15号后卫,29,,23,2,Rangers,False,https://images.fotmob.com/image_resources/playerimages/419207.png,fotmob,https://www.fotmob.com/players/419207
C,Scotland,16,DF,Dominic Hyam,苏格兰16号后卫,30,,3,0,Wrexham,False,https://images.fotmob.com/image_resources/playerimages/694558.png,fotmob,https://www.fotmob.com/players/694558
C,Scotland,17,FW,Ben Gannon-Doak,苏格兰17号前锋,20,,13,1,Bournemouth,False,https://images.fotmob.com/image_resources/playerimages/1324871.png,fotmob,https://www.fotmob.com/players/1324871
C,Scotland,18,FW,George Hirst,苏格兰18号前锋,27,,9,1,Ipswich Town,False,https://images.fotmob.com/image_resources/playerimages/750033.png,fotmob,https://www.fotmob.com/players/750033
C,Scotland,19,MF,Lewis Ferguson,苏格兰19号中场,26,,23,1,Bologna,False,https://images.fotmob.com/image_resources/playerimages/888921.png,fotmob,https://www.fotmob.com/players/888921
C,Scotland,20,FW,Lawrence Shankland,苏格兰20号前锋,30,,19,6,Heart of Midlothian,False,https://images.fotmob.com/image_resources/playerimages/317544.png,fotmob,https://www.fotmob.com/players/317544
C,Scotland,21,GK,Craig Gordon,苏格兰21号门将,43,,84,0,Heart of Midlothian,False,https://images.fotmob.com/image_resources/playerimages/32562.png,fotmob,https://www.fotmob.com/players/32562
C,Scotland,22,DF,Nathan Patterson,苏格兰22号后卫,24,,26,1,Everton,False,https://images.fotmob.com/image_resources/playerimages/1112684.png,fotmob,https://www.fotmob.com/players/1112684
C,Scotland,23,MF,Kenny McLean,苏格兰23号中场,34,,57,3,Norwich City,False,https://images.fotmob.com/image_resources/playerimages/190851.png,fotmob,https://www.fotmob.com/players/190851
C,Scotland,24,DF,Anthony Ralston,苏格兰24号后卫,27,,26,1,Celtic,False,https://images.fotmob.com/image_resources/playerimages/668422.png,fotmob,https://www.fotmob.com/players/668422
C,Scotland,25,FW,Findlay Curtis,苏格兰25号前锋,20,,2,1,Kilmarnock,False,https://images.fotmob.com/image_resources/playerimages/1558461.png,fotmob,https://www.fotmob.com/players/1558461
C,Scotland,26,DF,Scott McKenna,苏格兰26号后卫,29,,50,1,Dinamo Zagreb,False,https://images.fotmob.com/image_resources/playerimages/551805.png,fotmob,https://www.fotmob.com/players/551805
D,United States,1,GK,Matt Turner,美国1号门将,31,,54,0,New England Revolution,False,https://images.fotmob.com/image_resources/playerimages/729988.png,fotmob,https://www.fotmob.com/players/729988
D,United States,2,DF,Sergiño Dest,美国2号后卫,25,,38,3,PSV Eindhoven,False,https://images.fotmob.com/image_resources/playerimages/892816.png,fotmob,https://www.fotmob.com/players/892816
D,United States,3,DF,Chris Richards,美国3号后卫,26,,36,3,Crystal Palace,False,https://images.fotmob.com/image_resources/playerimages/950829.png,fotmob,https://www.fotmob.com/players/950829
D,United States,4,MF,Tyler Adams,泰勒·亚当斯,27,,53,2,Bournemouth,False,https://images.fotmob.com/image_resources/playerimages/729769.png,fotmob,https://www.fotmob.com/players/729769
D,United States,5,DF,Antonee Robinson,美国5号后卫,28,,53,4,Fulham,False,https://images.fotmob.com/image_resources/playerimages/662428.png,fotmob,https://www.fotmob.com/players/662428
D,United States,6,DF,Auston Trusty,美国6号后卫,27,,7,0,Celtic,False,https://images.fotmob.com/image_resources/playerimages/688271.png,fotmob,https://www.fotmob.com/players/688271
D,United States,7,MF,Giovanni Reyna,乔瓦尼·雷纳,23,,37,9,Borussia Mönchengladbach,False,https://images.fotmob.com/image_resources/playerimages/1071179.png,fotmob,https://www.fotmob.com/players/1071179
D,United States,8,MF,Weston McKennie,韦斯顿·麦肯尼,27,,65,12,Juventus,False,https://images.fotmob.com/image_resources/playerimages/848266.png,fotmob,https://www.fotmob.com/players/848266
D,United States,9,FW,Ricardo Pepi,美国9号前锋,23,,36,13,PSV Eindhoven,False,https://images.fotmob.com/image_resources/playerimages/1036401.png,fotmob,https://www.fotmob.com/players/1036401
D,United States,10,FW,Christian Pulisic,克里斯蒂安·普利西奇,27,,85,33,Milan,False,https://images.fotmob.com/image_resources/playerimages/688295.png,fotmob,https://www.fotmob.com/players/688295
D,United States,11,FW,Brenden Aaronson,美国11号前锋,25,,57,9,Leeds United,False,https://images.fotmob.com/image_resources/playerimages/952322.png,fotmob,https://www.fotmob.com/players/952322
D,United States,12,DF,Miles Robinson,美国12号后卫,29,,39,3,FC Cincinnati,False,https://images.fotmob.com/image_resources/playerimages/825623.png,fotmob,https://www.fotmob.com/players/825623
D,United States,13,DF,Tim Ream,美国13号后卫,38,,81,1,Charlotte FC,True,https://images.fotmob.com/image_resources/playerimages/198444.png,fotmob,https://www.fotmob.com/players/198444
D,United States,14,MF,Sebastian Berhalter,美国14号中场,25,,12,1,Vancouver Whitecaps FC,False,https://images.fotmob.com/image_resources/playerimages/1136096.png,fotmob,https://www.fotmob.com/players/1136096
D,United States,15,MF,Cristian Roldan,美国15号中场,31,,46,0,Seattle Sounders FC,False,https://images.fotmob.com/image_resources/playerimages/621946.png,fotmob,https://www.fotmob.com/players/621946
D,United States,16,DF,Alex Freeman,美国16号后卫,21,,16,2,Villarreal,False,https://images.fotmob.com/image_resources/playerimages/1338696.png,fotmob,https://www.fotmob.com/players/1338696
D,United States,17,MF,Malik Tillman,美国17号中场,24,,29,3,Bayer Leverkusen,False,https://images.fotmob.com/image_resources/playerimages/1126058.png,fotmob,https://www.fotmob.com/players/1126058
D,United States,18,DF,Maximilian Arfsten,美国18号后卫,25,,19,1,Columbus Crew,False,https://commons.wikimedia.org/wiki/Special:FilePath/Max%20Arfsten%20NYCFC%20v%20Columbus%2010%20May%202026-63.jpg,wikidata,
D,United States,19,FW,Haji Wright,美国19号前锋,28,,20,7,Coventry City,False,https://images.fotmob.com/image_resources/playerimages/848268.png,fotmob,https://www.fotmob.com/players/848268
D,United States,20,FW,Folarin Balogun,美国20号前锋,24,,26,9,Monaco,False,https://images.fotmob.com/image_resources/playerimages/982677.png,fotmob,https://www.fotmob.com/players/982677
D,United States,21,FW,Timothy Weah,美国21号前锋,26,,50,7,Marseille,False,https://images.fotmob.com/image_resources/playerimages/889536.png,fotmob,https://www.fotmob.com/players/889536
D,United States,22,DF,Mark McKenzie,美国22号后卫,27,,28,0,Toulouse,False,https://images.fotmob.com/image_resources/playerimages/924485.png,fotmob,https://www.fotmob.com/players/924485
D,United States,23,DF,Joe Scally,美国23号后卫,23,,25,0,Borussia Mönchengladbach,False,https://commons.wikimedia.org/wiki/Special:FilePath/Joe%20Scally%20USMNT%20v%20Belgium%20Mar%2028%202026-51%20%28cropped%29.jpg,wikidata,
D,United States,24,GK,Matt Freese,美国24号门将,27,,14,0,New York City FC,False,https://images.fotmob.com/image_resources/playerimages/1026065.png,fotmob,https://www.fotmob.com/players/1026065
D,United States,25,GK,Chris Brady,美国25号门将,22,,1,0,Chicago Fire FC,False,https://images.fotmob.com/image_resources/playerimages/1245998.png,fotmob,https://www.fotmob.com/players/1245998
D,United States,26,FW,Alejandro Zendejas,美国26号前锋,28,,14,2,América,False,https://commons.wikimedia.org/wiki/Special:FilePath/Alejandro%20Zendejas.png,wikidata,
D,Paraguay,1,GK,Gatito Fernández,巴拉圭1号门将,38,,30,0,Cerro Porteño,False,https://commons.wikimedia.org/wiki/Special:FilePath/Gatito%20Fern%C3%A1ndez%20%28Cerro%20Porte%C3%B1o%29.png,wikidata,
D,Paraguay,2,DF,Gustavo Velázquez,巴拉圭2号后卫,35,,12,1,Cerro Porteño,False,https://images.fotmob.com/image_resources/playerimages/497352.png,fotmob,https://www.fotmob.com/players/497352
D,Paraguay,3,DF,Omar Alderete,巴拉圭3号后卫,29,,35,3,Sunderland,False,https://images.fotmob.com/image_resources/playerimages/751998.png,fotmob,https://www.fotmob.com/players/751998
D,Paraguay,4,DF,Juan José Cáceres,巴拉圭4号后卫,26,,16,0,Dynamo Moscow,False,,,
D,Paraguay,5,DF,Fabián Balbuena,巴拉圭5号后卫,34,,47,2,Grêmio,False,https://images.fotmob.com/image_resources/playerimages/307438.png,fotmob,https://www.fotmob.com/players/307438
D,Paraguay,6,DF,Júnior Alonso,巴拉圭6号后卫,33,,70,3,Atlético Mineiro,False,https://images.fotmob.com/image_resources/playerimages/466214.png,fotmob,https://www.fotmob.com/players/466214
D,Paraguay,7,MF,Ramón Sosa,巴拉圭7号中场,26,,28,1,Palmeiras,False,https://images.fotmob.com/image_resources/playerimages/1132960.png,fotmob,https://www.fotmob.com/players/1132960
D,Paraguay,8,MF,Diego Gómez,巴拉圭8号中场,23,,23,3,Brighton & Hove Albion,False,https://images.fotmob.com/image_resources/playerimages/1354561.png,fotmob,https://www.fotmob.com/players/1354561
D,Paraguay,9,FW,Antonio Sanabria,巴拉圭9号前锋,30,,47,7,Cremonese,False,https://images.fotmob.com/image_resources/playerimages/474448.png,fotmob,https://www.fotmob.com/players/474448
D,Paraguay,10,MF,Miguel Almirón,巴拉圭10号中场,32,,75,9,Atlanta United FC,False,https://images.fotmob.com/image_resources/playerimages/442277.png,fotmob,https://www.fotmob.com/players/442277
D,Paraguay,11,MF,Maurício,巴拉圭11号中场,24,,2,0,Palmeiras,False,https://commons.wikimedia.org/wiki/Special:FilePath/Mauricio-palmeiras-sport-ago-25%20%28cropped%29.jpg,wikidata,
D,Paraguay,12,GK,Orlando Gill,巴拉圭12号门将,26,,5,0,San Lorenzo,False,https://images.fotmob.com/image_resources/playerimages/1683391.png,fotmob,https://www.fotmob.com/players/1683391
D,Paraguay,13,DF,José Canale,巴拉圭13号后卫,29,,1,0,Lanús,False,https://images.fotmob.com/image_resources/playerimages/860890.png,fotmob,https://www.fotmob.com/players/860890
D,Paraguay,14,MF,Andrés Cubas,巴拉圭14号中场,30,,32,0,Vancouver Whitecaps FC,False,https://images.fotmob.com/image_resources/playerimages/529625.png,fotmob,https://www.fotmob.com/players/529625
D,Paraguay,15,DF,Gustavo Gómez,巴拉圭15号后卫,33,,88,4,Palmeiras,True,https://images.fotmob.com/image_resources/playerimages/274392.png,fotmob,https://www.fotmob.com/players/274392
D,Paraguay,16,MF,Damián Bobadilla,巴拉圭16号中场,24,,19,1,São Paulo,False,https://images.fotmob.com/image_resources/playerimages/1252913.png,fotmob,https://www.fotmob.com/players/1252913
D,Paraguay,17,FW,Kaku,巴拉圭17号前锋,31,,32,5,Al Ain,False,https://commons.wikimedia.org/wiki/Special:FilePath/Alejandro%20Romero%2020180612%20%28cropped%29.jpg,wikidata,
D,Paraguay,18,FW,Álex Arce,巴拉圭18号前锋,30,,14,1,Independiente Rivadavia,False,https://images.fotmob.com/image_resources/playerimages/1320444.png,fotmob,https://www.fotmob.com/players/1320444
D,Paraguay,19,FW,Julio Enciso,巴拉圭19号前锋,22,,31,4,Strasbourg,False,https://images.fotmob.com/image_resources/playerimages/1073742.png,fotmob,https://www.fotmob.com/players/1073742
D,Paraguay,20,MF,Braian Ojeda,巴拉圭20号中场,25,,16,0,Orlando City SC,False,https://images.fotmob.com/image_resources/playerimages/1075065.png,fotmob,https://www.fotmob.com/players/1075065
D,Paraguay,21,FW,Gabriel Ávalos,巴拉圭21号前锋,35,,22,2,Independiente,False,https://images.fotmob.com/image_resources/playerimages/425711.png,fotmob,https://www.fotmob.com/players/425711
D,Paraguay,22,GK,Gastón Olveira,巴拉圭22号门将,33,,1,0,Olimpia,False,https://images.fotmob.com/image_resources/playerimages/495193.png,fotmob,https://www.fotmob.com/players/495193
D,Paraguay,23,MF,Matías Galarza,巴拉圭23号中场,24,,14,2,Atlanta United FC,False,https://images.fotmob.com/image_resources/playerimages/1241957.png,fotmob,https://www.fotmob.com/players/1241957
D,Paraguay,24,MF,Gustavo Caballero,巴拉圭24号中场,24,,2,1,Portsmouth,False,https://images.fotmob.com/image_resources/playerimages/1347933.png,fotmob,https://www.fotmob.com/players/1347933
D,Paraguay,25,FW,Isidro Pitta,巴拉圭25号前锋,26,,5,0,Red Bull Bragantino,False,https://images.fotmob.com/image_resources/playerimages/1033279.png,fotmob,https://www.fotmob.com/players/1033279
D,Paraguay,26,DF,Alexandro Maidana,巴拉圭26号后卫,20,,1,0,Talleres,False,https://images.fotmob.com/image_resources/playerimages/1736527.png,fotmob,https://www.fotmob.com/players/1736527
D,Australia,1,GK,Mathew Ryan,马修·瑞安,34,,104,0,Levante,True,https://images.fotmob.com/image_resources/playerimages/185644.png,fotmob,https://www.fotmob.com/players/185644
D,Australia,2,DF,Miloš Degenek,米洛什·德格内克,32,,56,1,APOEL,False,https://images.fotmob.com/image_resources/playerimages/416124.png,fotmob,https://www.fotmob.com/players/416124
D,Australia,3,DF,Alessandro Circati,澳大利亚3号后卫,22,,12,1,Parma,False,https://images.fotmob.com/image_resources/playerimages/1318686.png,fotmob,https://www.fotmob.com/players/1318686
D,Australia,4,DF,Jacob Italiano,澳大利亚4号后卫,24,,4,0,GAK,False,https://images.fotmob.com/image_resources/playerimages/889093.png,fotmob,https://www.fotmob.com/players/889093
D,Australia,5,DF,Jordan Bos,澳大利亚5号后卫,23,,26,4,Feyenoord,False,https://images.fotmob.com/image_resources/playerimages/1316930.png,fotmob,https://www.fotmob.com/players/1316930
D,Australia,6,DF,Jason Geria,澳大利亚6号后卫,33,,13,0,Albirex Niigata,False,https://images.fotmob.com/image_resources/playerimages/418799.png,fotmob,https://www.fotmob.com/players/418799
D,Australia,7,FW,Mathew Leckie,澳大利亚7号前锋,35,,79,14,Melbourne City,False,https://images.fotmob.com/image_resources/playerimages/185014.png,fotmob,https://www.fotmob.com/players/185014
D,Australia,8,MF,Connor Metcalfe,澳大利亚8号中场,26,,35,1,FC St. Pauli,False,https://images.fotmob.com/image_resources/playerimages/885870.png,fotmob,https://www.fotmob.com/players/885870
D,Australia,9,FW,Mohamed Touré,澳大利亚9号前锋,22,,9,2,Norwich City,False,https://images.fotmob.com/image_resources/playerimages/1132069.png,fotmob,https://www.fotmob.com/players/1132069
D,Australia,10,FW,Ajdin Hrustic,澳大利亚10号前锋,29,,37,4,Heracles Almelo,False,https://images.fotmob.com/image_resources/playerimages/675762.png,fotmob,https://www.fotmob.com/players/675762
D,Australia,11,FW,Awer Mabil,澳大利亚11号前锋,30,,38,10,Castellón,False,https://images.fotmob.com/image_resources/playerimages/421328.png,fotmob,https://www.fotmob.com/players/421328
D,Australia,12,GK,Paul Izzo,澳大利亚12号门将,31,,4,0,Randers,False,https://images.fotmob.com/image_resources/playerimages/302176.png,fotmob,https://www.fotmob.com/players/302176
D,Australia,13,MF,Aiden O'Neill,澳大利亚13号中场,27,,30,0,New York City FC,False,https://images.fotmob.com/image_resources/playerimages/785377.png,fotmob,https://www.fotmob.com/players/785377
D,Australia,14,MF,Cammy Devlin,澳大利亚14号中场,28,,4,0,Heart of Midlothian,False,https://commons.wikimedia.org/wiki/Special:FilePath/Cameron%20Devlin%202021.png,wikidata,
D,Australia,15,DF,Kai Trewin,澳大利亚15号后卫,25,,5,0,New York City FC,False,https://images.fotmob.com/image_resources/playerimages/1101030.png,fotmob,https://www.fotmob.com/players/1101030
D,Australia,16,DF,Aziz Behich,澳大利亚16号后卫,35,,83,3,Melbourne City,False,https://images.fotmob.com/image_resources/playerimages/192735.png,fotmob,https://www.fotmob.com/players/192735
D,Australia,17,FW,Nestory Irankunda,澳大利亚17号前锋,20,,14,5,Watford,False,https://images.fotmob.com/image_resources/playerimages/1327214.png,fotmob,https://www.fotmob.com/players/1327214
D,Australia,18,GK,Patrick Beach,澳大利亚18号门将,22,,1,0,Melbourne City,False,https://images.fotmob.com/image_resources/playerimages/1335765.png,fotmob,https://www.fotmob.com/players/1335765
D,Australia,19,DF,Harry Souttar,澳大利亚19号后卫,27,,37,11,Leicester City,False,https://images.fotmob.com/image_resources/playerimages/671518.png,fotmob,https://www.fotmob.com/players/671518
D,Australia,20,FW,Cristian Volpato,澳大利亚20号前锋,22,,0,0,Sassuolo,False,https://images.fotmob.com/image_resources/playerimages/1308909.png,fotmob,https://www.fotmob.com/players/1308909
D,Australia,21,DF,Cameron Burgess,澳大利亚21号后卫,30,,26,0,Swansea City,False,https://images.fotmob.com/image_resources/playerimages/564842.png,fotmob,https://www.fotmob.com/players/564842
D,Australia,22,MF,Jackson Irvine,杰克逊·欧文,33,,81,14,FC St. Pauli,False,https://images.fotmob.com/image_resources/playerimages/369742.png,fotmob,https://www.fotmob.com/players/369742
D,Australia,23,FW,Nishan Velupillay,澳大利亚23号前锋,25,,7,3,Melbourne Victory,False,https://images.fotmob.com/image_resources/playerimages/1250885.png,fotmob,https://www.fotmob.com/players/1250885
D,Australia,24,MF,Paul Okon-Engstler,澳大利亚24号中场,21,,5,0,Sydney FC,False,https://images.fotmob.com/image_resources/playerimages/1527363.png,fotmob,https://www.fotmob.com/players/1527363
D,Australia,25,DF,Lucas Herrington,澳大利亚25号后卫,18,,3,0,Colorado Rapids,False,https://images.fotmob.com/image_resources/playerimages/1686118.png,fotmob,https://www.fotmob.com/players/1686118
D,Australia,26,FW,Tete Yengi,澳大利亚26号前锋,25,,0,0,Machida Zelvia,False,https://images.fotmob.com/image_resources/playerimages/1220549.png,fotmob,https://www.fotmob.com/players/1220549
D,Turkey,1,GK,Mert Günok,土耳其1号门将,37,,37,0,Fenerbahçe,False,https://images.fotmob.com/image_resources/playerimages/150372.png,fotmob,https://www.fotmob.com/players/150372
D,Turkey,2,DF,Zeki Çelik,土耳其2号后卫,29,,60,3,Roma,False,https://images.fotmob.com/image_resources/playerimages/867225.png,fotmob,https://www.fotmob.com/players/867225
D,Turkey,3,DF,Merih Demiral,土耳其3号后卫,28,,61,6,Al-Ahli,False,https://images.fotmob.com/image_resources/playerimages/823078.png,fotmob,https://www.fotmob.com/players/823078
D,Turkey,4,DF,Çağlar Söyüncü,土耳其4号后卫,30,,60,2,Fenerbahçe,False,https://images.fotmob.com/image_resources/playerimages/602261.png,fotmob,https://www.fotmob.com/players/602261
D,Turkey,5,MF,Salih Özcan,土耳其5号中场,28,,29,1,Borussia Dortmund,False,https://images.fotmob.com/image_resources/playerimages/738064.png,fotmob,https://www.fotmob.com/players/738064
D,Turkey,6,MF,Orkun Kökçü,土耳其6号中场,25,,49,4,Beşiktaş,False,https://images.fotmob.com/image_resources/playerimages/935409.png,fotmob,https://www.fotmob.com/players/935409
D,Turkey,7,FW,Kerem Aktürkoğlu,土耳其7号前锋,27,,51,15,Fenerbahçe,False,https://images.fotmob.com/image_resources/playerimages/1117570.png,fotmob,https://www.fotmob.com/players/1117570
D,Turkey,8,FW,Arda Güler,土耳其8号前锋,21,,28,6,Real Madrid,False,https://images.fotmob.com/image_resources/playerimages/1253890.png,fotmob,https://www.fotmob.com/players/1253890
D,Turkey,9,FW,Deniz Gül,土耳其9号前锋,21,,7,2,Porto,False,https://images.fotmob.com/image_resources/playerimages/1406300.png,fotmob,https://www.fotmob.com/players/1406300
D,Turkey,10,MF,Hakan Çalhanoğlu,土耳其10号中场,32,,104,22,Inter Milan,True,https://images.fotmob.com/image_resources/playerimages/304733.png,fotmob,https://www.fotmob.com/players/304733
D,Turkey,11,FW,Kenan Yıldız,土耳其11号前锋,21,,28,5,Juventus,False,https://commons.wikimedia.org/wiki/Special:FilePath/Kenan%20Y%C4%B1ld%C4%B1z%20in%20the%20international%20match%20%28March%202025%29%20%28cropped%29.jpg,wikidata,
D,Turkey,12,GK,Altay Bayındır,土耳其12号门将,28,,12,0,Manchester United,False,https://commons.wikimedia.org/wiki/Special:FilePath/Altay%20Bay%C4%B1nd%C4%B1r%20%282021-22%20S%C3%BCper%20Lig%29%20-%20Resim1.png,wikidata,
D,Turkey,13,DF,Eren Elmalı,土耳其13号后卫,25,,22,0,Galatasaray,False,https://images.fotmob.com/image_resources/playerimages/1041660.png,fotmob,https://www.fotmob.com/players/1041660
D,Turkey,14,DF,Abdülkerim Bardakcı,土耳其14号后卫,31,,26,2,Galatasaray,False,https://images.fotmob.com/image_resources/playerimages/291399.png,fotmob,https://www.fotmob.com/players/291399
D,Turkey,15,DF,Ozan Kabak,土耳其15号后卫,26,,29,2,TSG Hoffenheim,False,https://images.fotmob.com/image_resources/playerimages/845990.png,fotmob,https://www.fotmob.com/players/845990
D,Turkey,16,MF,İsmail Yüksek,土耳其16号中场,27,,31,1,Fenerbahçe,False,https://images.fotmob.com/image_resources/playerimages/1183589.png,fotmob,https://www.fotmob.com/players/1183589
D,Turkey,17,FW,İrfan Can Kahveci,土耳其17号前锋,30,,46,6,Kasımpaşa,False,https://commons.wikimedia.org/wiki/Special:FilePath/%C4%B0rfan%20Can%20Kahveci%20%282021-22%20S%C3%BCper%20Lig%29%20-%20Resim2.png,wikidata,
D,Turkey,18,DF,Mert Müldür,土耳其18号后卫,27,,44,3,Fenerbahçe,False,https://images.fotmob.com/image_resources/playerimages/904098.png,fotmob,https://www.fotmob.com/players/904098
D,Turkey,19,FW,Yunus Akgün,土耳其19号前锋,25,,18,3,Galatasaray,False,https://images.fotmob.com/image_resources/playerimages/845991.png,fotmob,https://www.fotmob.com/players/845991
D,Turkey,20,DF,Ferdi Kadıoğlu,土耳其20号后卫,26,,30,2,Brighton & Hove Albion,False,https://commons.wikimedia.org/wiki/Special:FilePath/Ferdi%20Kad%C4%B1o%C4%9Flu%202024.jpg,wikidata,
D,Turkey,21,FW,Barış Alper Yılmaz,土耳其21号前锋,26,,34,3,Galatasaray,False,https://commons.wikimedia.org/wiki/Special:FilePath/Bar%C4%B1%C5%9F%20Alper%20Y%C4%B1lmaz.jpg,wikidata,
D,Turkey,22,MF,Kaan Ayhan,土耳其22号中场,31,,73,5,Galatasaray,False,https://images.fotmob.com/image_resources/playerimages/441164.png,fotmob,https://www.fotmob.com/players/441164
D,Turkey,23,GK,Uğurcan Çakır,土耳其23号门将,30,,38,0,Galatasaray,False,https://commons.wikimedia.org/wiki/Special:FilePath/U%C4%9Furcan%20%C3%87ak%C4%B1r%20at%20Antalyaspor%20vs%20Trabzonspor%2020211211%20%282%29%20%28cropped%29.jpg,wikidata,
D,Turkey,24,FW,Oğuz Aydın,土耳其24号前锋,25,,10,0,Fenerbahçe,False,https://images.fotmob.com/image_resources/playerimages/1092015.png,fotmob,https://www.fotmob.com/players/1092015
D,Turkey,25,DF,Samet Akaydin,土耳其25号后卫,32,,19,1,Çaykur Rizespor,False,https://images.fotmob.com/image_resources/playerimages/424380.png,fotmob,https://www.fotmob.com/players/424380
D,Turkey,26,FW,Can Uzun,土耳其26号前锋,20,,5,1,Eintracht Frankfurt,False,https://images.fotmob.com/image_resources/playerimages/1367924.png,fotmob,https://www.fotmob.com/players/1367924
E,Germany,1,GK,Manuel Neuer,曼努埃尔·诺伊尔,40,,124,0,Bayern Munich,False,https://images.fotmob.com/image_resources/playerimages/27299.png,fotmob,https://www.fotmob.com/players/27299
E,Germany,2,DF,Antonio Rüdiger,安东尼奥·吕迪格,33,,82,3,Real Madrid,False,https://images.fotmob.com/image_resources/playerimages/276738.png,fotmob,https://www.fotmob.com/players/276738
E,Germany,3,DF,Waldemar Anton,德国3号后卫,29,,12,0,Borussia Dortmund,False,https://images.fotmob.com/image_resources/playerimages/664970.png,fotmob,https://www.fotmob.com/players/664970
E,Germany,4,DF,Jonathan Tah,德国4号后卫,30,,46,1,Bayern Munich,False,https://images.fotmob.com/image_resources/playerimages/469700.png,fotmob,https://www.fotmob.com/players/469700
E,Germany,5,MF,Aleksandar Pavlović,德国5号中场,22,,10,1,Bayern Munich,False,https://images.fotmob.com/image_resources/playerimages/1473580.png,fotmob,https://www.fotmob.com/players/1473580
E,Germany,6,DF,Joshua Kimmich,德国6号后卫,31,,109,10,Bayern Munich,True,https://images.fotmob.com/image_resources/playerimages/460632.png,fotmob,https://www.fotmob.com/players/460632
E,Germany,7,FW,Kai Havertz,凯·哈弗茨,27,,57,21,Arsenal,False,https://images.fotmob.com/image_resources/playerimages/749736.png,fotmob,https://www.fotmob.com/players/749736
E,Germany,8,MF,Leon Goretzka,德国8号中场,31,,69,15,Bayern Munich,False,https://images.fotmob.com/image_resources/playerimages/343748.png,fotmob,https://www.fotmob.com/players/343748
E,Germany,9,MF,Jamie Leweling,德国9号中场,25,,4,1,VfB Stuttgart,False,https://images.fotmob.com/image_resources/playerimages/1074968.png,fotmob,https://www.fotmob.com/players/1074968
E,Germany,10,MF,Jamal Musiala,贾马尔·穆西亚拉,23,,41,9,Bayern Munich,False,https://images.fotmob.com/image_resources/playerimages/1156141.png,fotmob,https://www.fotmob.com/players/1156141
E,Germany,11,FW,Nick Woltemade,德国11号前锋,24,,11,4,Newcastle United,False,https://images.fotmob.com/image_resources/playerimages/1106563.png,fotmob,https://www.fotmob.com/players/1106563
E,Germany,12,GK,Oliver Baumann,德国12号门将,36,,12,0,TSG Hoffenheim,False,https://images.fotmob.com/image_resources/playerimages/178778.png,fotmob,https://www.fotmob.com/players/178778
E,Germany,13,MF,Pascal Groß,德国13号中场,34,,18,1,Brighton & Hove Albion,False,https://images.fotmob.com/image_resources/playerimages/167008.png,fotmob,https://www.fotmob.com/players/167008
E,Germany,14,FW,Maximilian Beier,德国14号前锋,23,,8,0,Borussia Dortmund,False,https://images.fotmob.com/image_resources/playerimages/1047667.png,fotmob,https://www.fotmob.com/players/1047667
E,Germany,15,DF,Nico Schlotterbeck,德国15号后卫,26,,26,0,Borussia Dortmund,False,https://images.fotmob.com/image_resources/playerimages/1002058.png,fotmob,https://www.fotmob.com/players/1002058
E,Germany,16,MF,Angelo Stiller,德国16号中场,25,,7,0,VfB Stuttgart,False,https://images.fotmob.com/image_resources/playerimages/1071186.png,fotmob,https://www.fotmob.com/players/1071186
E,Germany,17,MF,Florian Wirtz,弗洛里安·维尔茨,23,,40,11,Liverpool,False,https://images.fotmob.com/image_resources/playerimages/1152455.png,fotmob,https://www.fotmob.com/players/1152455
E,Germany,18,DF,Nathaniel Brown,德国18号后卫,22,,4,0,Eintracht Frankfurt,False,https://images.fotmob.com/image_resources/playerimages/1395447.png,fotmob,https://www.fotmob.com/players/1395447
E,Germany,19,MF,Leroy Sané,勒鲁瓦·萨内,30,,75,16,Galatasaray,False,https://images.fotmob.com/image_resources/playerimages/530859.png,fotmob,https://www.fotmob.com/players/530859
E,Germany,20,MF,Nadiem Amiri,德国20号中场,29,,10,1,Mainz 05,False,https://images.fotmob.com/image_resources/playerimages/614449.png,fotmob,https://www.fotmob.com/players/614449
E,Germany,21,GK,Alexander Nübel,德国21号门将,29,,3,0,VfB Stuttgart,False,https://images.fotmob.com/image_resources/playerimages/554534.png,fotmob,https://www.fotmob.com/players/554534
E,Germany,22,DF,David Raum,德国22号后卫,28,,36,1,RB Leipzig,False,https://images.fotmob.com/image_resources/playerimages/806669.png,fotmob,https://www.fotmob.com/players/806669
E,Germany,23,MF,Felix Nmecha,德国23号中场,25,,7,1,Borussia Dortmund,False,https://images.fotmob.com/image_resources/playerimages/966019.png,fotmob,https://www.fotmob.com/players/966019
E,Germany,24,DF,Malick Thiaw,德国24号后卫,24,,5,0,Newcastle United,False,https://images.fotmob.com/image_resources/playerimages/1137407.png,fotmob,https://www.fotmob.com/players/1137407
E,Germany,25,MF,Lennart Karl,德国25号中场,18,,3,0,Bayern Munich,False,https://images.fotmob.com/image_resources/playerimages/1737700.png,fotmob,https://www.fotmob.com/players/1737700
E,Germany,26,FW,Deniz Undav,德国26号前锋,29,,8,6,VfB Stuttgart,False,https://images.fotmob.com/image_resources/playerimages/661519.png,fotmob,https://www.fotmob.com/players/661519
E,Curaçao,1,GK,Eloy Room,库拉索1号门将,37,,71,0,Miami FC,False,https://images.fotmob.com/image_resources/playerimages/150242.png,fotmob,https://www.fotmob.com/players/150242
E,Curaçao,2,DF,Shurandy Sambo,库拉索2号后卫,24,,7,0,Sparta Rotterdam,False,https://images.fotmob.com/image_resources/playerimages/1125997.png,fotmob,https://www.fotmob.com/players/1125997
E,Curaçao,3,DF,Juriën Gaari,库拉索3号后卫,32,,59,1,Abha,False,https://images.fotmob.com/image_resources/playerimages/708738.png,fotmob,https://www.fotmob.com/players/708738
E,Curaçao,4,DF,Roshon van Eijma,库拉索4号后卫,28,,27,1,RKC Waalwijk,False,https://images.fotmob.com/image_resources/playerimages/924844.png,fotmob,https://www.fotmob.com/players/924844
E,Curaçao,5,DF,Sherel Floranus,库拉索5号后卫,27,,27,0,PEC Zwolle,False,https://images.fotmob.com/image_resources/playerimages/671327.png,fotmob,https://www.fotmob.com/players/671327
E,Curaçao,6,MF,Godfried Roemeratoe,库拉索6号中场,26,,27,1,RKC Waalwijk,False,https://images.fotmob.com/image_resources/playerimages/938524.png,fotmob,https://www.fotmob.com/players/938524
E,Curaçao,7,MF,Juninho Bacuna,库拉索7号中场,28,,48,14,Volendam,False,https://images.fotmob.com/image_resources/playerimages/614574.png,fotmob,https://www.fotmob.com/players/614574
E,Curaçao,8,MF,Livano Comenencia,库拉索8号中场,22,,19,1,Zürich,False,https://images.fotmob.com/image_resources/playerimages/1243246.png,fotmob,https://www.fotmob.com/players/1243246
E,Curaçao,9,FW,Jürgen Locadia,库拉索9号前锋,32,,13,1,Miami FC,False,https://images.fotmob.com/image_resources/playerimages/289441.png,fotmob,https://www.fotmob.com/players/289441
E,Curaçao,10,MF,Leandro Bacuna,库拉索10号中场,34,,71,16,Iğdır,True,https://images.fotmob.com/image_resources/playerimages/183500.png,fotmob,https://www.fotmob.com/players/183500
E,Curaçao,11,FW,Jeremy Antonisse,库拉索11号前锋,24,,26,3,Kifisia,False,https://images.fotmob.com/image_resources/playerimages/1210947.png,fotmob,https://www.fotmob.com/players/1210947
E,Curaçao,12,FW,Sontje Hansen,库拉索12号前锋,24,,5,1,Middlesbrough,False,https://images.fotmob.com/image_resources/playerimages/1050160.png,fotmob,https://www.fotmob.com/players/1050160
E,Curaçao,13,FW,Tyrese Noslin,库拉索13号前锋,23,,6,1,Telstar,False,https://images.fotmob.com/image_resources/playerimages/1439121.png,fotmob,https://www.fotmob.com/players/1439121
E,Curaçao,14,FW,Kenji Gorré,库拉索14号前锋,31,,37,6,Maccabi Haifa,False,https://images.fotmob.com/image_resources/playerimages/643232.png,fotmob,https://www.fotmob.com/players/643232
E,Curaçao,15,MF,Ar'jany Martha,库拉索15号中场,22,,8,2,Rotherham United,False,,,
E,Curaçao,16,FW,Jearl Margaritha,库拉索16号前锋,26,,21,5,Beveren,False,https://images.fotmob.com/image_resources/playerimages/1180784.png,fotmob,https://www.fotmob.com/players/1180784
E,Curaçao,17,FW,Brandley Kuwas,库拉索17号前锋,33,,34,2,Volendam,False,https://images.fotmob.com/image_resources/playerimages/352358.png,fotmob,https://www.fotmob.com/players/352358
E,Curaçao,18,DF,Armando Obispo,库拉索18号后卫,27,,5,0,PSV Eindhoven,False,https://images.fotmob.com/image_resources/playerimages/794244.png,fotmob,https://www.fotmob.com/players/794244
E,Curaçao,19,FW,Gervane Kastaneer,库拉索19号前锋,30,,28,9,Terengganu,False,https://images.fotmob.com/image_resources/playerimages/380942.png,fotmob,https://www.fotmob.com/players/380942
E,Curaçao,20,DF,Joshua Brenet,库拉索20号后卫,32,,17,1,Kayserispor,False,https://images.fotmob.com/image_resources/playerimages/389845.png,fotmob,https://www.fotmob.com/players/389845
E,Curaçao,21,MF,Tahith Chong,库拉索21号中场,26,,5,3,Sheffield United,False,https://images.fotmob.com/image_resources/playerimages/751066.png,fotmob,https://www.fotmob.com/players/751066
E,Curaçao,22,MF,Kevin Felida,库拉索22号中场,26,,19,1,Den Bosch,False,https://images.fotmob.com/image_resources/playerimages/875845.png,fotmob,https://www.fotmob.com/players/875845
E,Curaçao,23,DF,Riechedly Bazoer,库拉索23号后卫,29,,4,0,Konyaspor,False,https://images.fotmob.com/image_resources/playerimages/467479.png,fotmob,https://www.fotmob.com/players/467479
E,Curaçao,24,DF,Deveron Fonville,库拉索24号后卫,23,,1,0,NEC,False,https://images.fotmob.com/image_resources/playerimages/1335315.png,fotmob,https://www.fotmob.com/players/1335315
E,Curaçao,25,GK,Tyrick Bodak,库拉索25号门将,24,,4,0,Telstar,False,https://images.fotmob.com/image_resources/playerimages/1240833.png,fotmob,https://www.fotmob.com/players/1240833
E,Curaçao,26,GK,Trevor Doornbusch,库拉索26号门将,26,,7,0,VVV-Venlo,False,https://images.fotmob.com/image_resources/playerimages/873856.png,fotmob,https://www.fotmob.com/players/873856
E,Ivory Coast,1,GK,Yahia Fofana,科特迪瓦1号门将,25,,34,0,Çaykur Rizespor,False,https://images.fotmob.com/image_resources/playerimages/873566.png,fotmob,https://www.fotmob.com/players/873566
E,Ivory Coast,2,DF,Ousmane Diomande,科特迪瓦2号后卫,22,,14,1,Sporting CP,False,https://images.fotmob.com/image_resources/playerimages/1425182.png,fotmob,https://www.fotmob.com/players/1425182
E,Ivory Coast,3,DF,Ghislain Konan,科特迪瓦3号后卫,30,,53,0,Gil Vicente,False,https://images.fotmob.com/image_resources/playerimages/740997.png,fotmob,https://www.fotmob.com/players/740997
E,Ivory Coast,4,MF,Jean Michaël Seri,科特迪瓦4号中场,34,,65,4,Maribor,False,https://images.fotmob.com/image_resources/playerimages/470539.png,fotmob,https://www.fotmob.com/players/470539
E,Ivory Coast,5,DF,Wilfried Singo,科特迪瓦5号后卫,25,,33,1,Galatasaray,False,https://images.fotmob.com/image_resources/playerimages/1027472.png,fotmob,https://www.fotmob.com/players/1027472
E,Ivory Coast,6,MF,Seko Fofana,科特迪瓦6号中场,31,,31,7,Porto,False,https://images.fotmob.com/image_resources/playerimages/602211.png,fotmob,https://www.fotmob.com/players/602211
E,Ivory Coast,7,DF,Odilon Kossounou,科特迪瓦7号后卫,25,,35,0,Atalanta,False,https://images.fotmob.com/image_resources/playerimages/1014496.png,fotmob,https://www.fotmob.com/players/1014496
E,Ivory Coast,8,MF,Franck Kessié,科特迪瓦8号中场,29,,102,15,Al-Ahli,True,https://images.fotmob.com/image_resources/playerimages/579747.png,fotmob,https://www.fotmob.com/players/579747
E,Ivory Coast,9,FW,Ange-Yoan Bonny,科特迪瓦9号前锋,22,,0,0,Inter Milan,False,https://images.fotmob.com/image_resources/playerimages/1199383.png,fotmob,https://www.fotmob.com/players/1199383
E,Ivory Coast,10,FW,Simon Adingra,科特迪瓦10号前锋,24,,28,5,Monaco,False,https://images.fotmob.com/image_resources/playerimages/1227012.png,fotmob,https://www.fotmob.com/players/1227012
E,Ivory Coast,11,FW,Yan Diomande,科特迪瓦11号前锋,19,,9,3,RB Leipzig,False,https://images.fotmob.com/image_resources/playerimages/1735453.png,fotmob,https://www.fotmob.com/players/1735453
E,Ivory Coast,12,FW,Elye Wahi,科特迪瓦12号前锋,23,,1,0,Nice,False,https://images.fotmob.com/image_resources/playerimages/1213430.png,fotmob,https://www.fotmob.com/players/1213430
E,Ivory Coast,13,DF,Christopher Opéri,科特迪瓦13号后卫,29,,11,0,İstanbul Başakşehir,False,https://images.fotmob.com/image_resources/playerimages/802462.png,fotmob,https://www.fotmob.com/players/802462
E,Ivory Coast,14,FW,Oumar Diakité,科特迪瓦14号前锋,22,,28,6,Cercle Brugge,False,https://images.fotmob.com/image_resources/playerimages/1328540.png,fotmob,https://www.fotmob.com/players/1328540
E,Ivory Coast,15,FW,Amad Diallo,科特迪瓦15号前锋,23,,18,5,Manchester United,False,https://images.fotmob.com/image_resources/playerimages/1070052.png,fotmob,https://www.fotmob.com/players/1070052
E,Ivory Coast,16,GK,Mohamed Koné,科特迪瓦16号门将,24,,0,0,Charleroi,False,https://images.fotmob.com/image_resources/playerimages/1280201.png,fotmob,https://www.fotmob.com/players/1280201
E,Ivory Coast,17,DF,Guéla Doué,科特迪瓦17号后卫,23,,19,2,Strasbourg,False,https://images.fotmob.com/image_resources/playerimages/1395704.png,fotmob,https://www.fotmob.com/players/1395704
E,Ivory Coast,18,MF,Ibrahim Sangaré,科特迪瓦18号中场,28,,57,12,Nottingham Forest,False,https://images.fotmob.com/image_resources/playerimages/795371.png,fotmob,https://www.fotmob.com/players/795371
E,Ivory Coast,19,FW,Nicolas Pépé,科特迪瓦19号前锋,31,,54,12,Villarreal,False,https://images.fotmob.com/image_resources/playerimages/575735.png,fotmob,https://www.fotmob.com/players/575735
E,Ivory Coast,20,DF,Emmanuel Agbadou,科特迪瓦20号后卫,28,,19,2,Beşiktaş,False,https://images.fotmob.com/image_resources/playerimages/1114979.png,fotmob,https://www.fotmob.com/players/1114979
E,Ivory Coast,21,DF,Evan Ndicka,科特迪瓦21号后卫,26,,28,0,Roma,False,https://commons.wikimedia.org/wiki/Special:FilePath/2022128151247%202022-05-08%20Fussball%20Eintracht%20Frankfurt%20vs%20Borussia%20M%C3%B6nchengladbach%20-%20Sven%20-%201D%20X%20MK%20II%20-%200370%20-%20B70I6481%20%28Evan%20N%E2%80%99Dicka%20cropped%29.jpg,wikidata,
E,Ivory Coast,22,FW,Evann Guessand,科特迪瓦22号前锋,24,,21,4,Crystal Palace,False,https://images.fotmob.com/image_resources/playerimages/1087966.png,fotmob,https://www.fotmob.com/players/1087966
E,Ivory Coast,23,GK,Alban Lafont,科特迪瓦23号门将,27,,4,0,Panathinaikos,False,https://images.fotmob.com/image_resources/playerimages/698273.png,fotmob,https://www.fotmob.com/players/698273
E,Ivory Coast,24,FW,Bazoumana Touré,科特迪瓦24号前锋,20,,5,2,TSG Hoffenheim,False,https://images.fotmob.com/image_resources/playerimages/1624586.png,fotmob,https://www.fotmob.com/players/1624586
E,Ivory Coast,25,MF,Parfait Guiagon,科特迪瓦25号中场,25,,5,0,Charleroi,False,https://images.fotmob.com/image_resources/playerimages/1186770.png,fotmob,https://www.fotmob.com/players/1186770
E,Ivory Coast,26,MF,Christ Inao Oulaï,科特迪瓦26号中场,20,,8,0,Trabzonspor,False,https://images.fotmob.com/image_resources/playerimages/1666494.png,fotmob,https://www.fotmob.com/players/1666494
E,Ecuador,1,GK,Hernán Galíndez,厄瓜多尔1号门将,39,,34,0,Huracán,False,https://images.fotmob.com/image_resources/playerimages/146801.png,fotmob,https://www.fotmob.com/players/146801
E,Ecuador,2,DF,Félix Torres,厄瓜多尔2号后卫,29,,48,5,Internacional,False,https://images.fotmob.com/image_resources/playerimages/825641.png,fotmob,https://www.fotmob.com/players/825641
E,Ecuador,3,DF,Piero Hincapié,厄瓜多尔3号后卫,24,,51,3,Arsenal,False,https://images.fotmob.com/image_resources/playerimages/1137667.png,fotmob,https://www.fotmob.com/players/1137667
E,Ecuador,4,DF,Joel Ordóñez,厄瓜多尔4号后卫,22,,16,0,Club Brugge,False,https://images.fotmob.com/image_resources/playerimages/1354085.png,fotmob,https://www.fotmob.com/players/1354085
E,Ecuador,5,MF,Jordy Alcívar,厄瓜多尔5号中场,26,,10,1,Independiente del Valle,False,https://images.fotmob.com/image_resources/playerimages/950396.png,fotmob,https://www.fotmob.com/players/950396
E,Ecuador,6,DF,Willian Pacho,厄瓜多尔6号后卫,24,,34,2,Paris Saint-Germain,False,https://images.fotmob.com/image_resources/playerimages/1137670.png,fotmob,https://www.fotmob.com/players/1137670
E,Ecuador,7,DF,Pervis Estupiñán,佩尔维斯·埃斯图皮尼安,28,,53,4,Milan,False,https://images.fotmob.com/image_resources/playerimages/688278.png,fotmob,https://www.fotmob.com/players/688278
E,Ecuador,8,MF,Anthony Valencia,厄瓜多尔8号中场,22,,2,1,Antwerp,False,https://images.fotmob.com/image_resources/playerimages/1353364.png,fotmob,https://www.fotmob.com/players/1353364
E,Ecuador,9,FW,John Yeboah,厄瓜多尔9号前锋,25,,22,3,Venezia,False,https://images.fotmob.com/image_resources/playerimages/845368.png,fotmob,https://www.fotmob.com/players/845368
E,Ecuador,10,MF,Kendry Páez,厄瓜多尔10号中场,19,,25,2,River Plate,False,https://images.fotmob.com/image_resources/playerimages/1443464.png,fotmob,https://www.fotmob.com/players/1443464
E,Ecuador,11,FW,Kevin Rodríguez,厄瓜多尔11号前锋,26,,31,2,Union Saint-Gilloise,False,https://images.fotmob.com/image_resources/playerimages/1421270.png,fotmob,https://www.fotmob.com/players/1421270
E,Ecuador,12,GK,Moisés Ramírez,厄瓜多尔12号门将,25,,7,0,Kifisia,False,https://images.fotmob.com/image_resources/playerimages/978290.png,fotmob,https://www.fotmob.com/players/978290
E,Ecuador,13,FW,Enner Valencia,恩纳·瓦伦西亚,36,,105,49,Pachuca,True,https://images.fotmob.com/image_resources/playerimages/195927.png,fotmob,https://www.fotmob.com/players/195927
E,Ecuador,14,MF,Alan Minda,厄瓜多尔14号中场,23,,19,2,Atlético Mineiro,False,https://images.fotmob.com/image_resources/playerimages/1274400.png,fotmob,https://www.fotmob.com/players/1274400
E,Ecuador,15,MF,Pedro Vite,厄瓜多尔15号中场,24,,16,1,UNAM,False,https://images.fotmob.com/image_resources/playerimages/1108611.png,fotmob,https://www.fotmob.com/players/1108611
E,Ecuador,16,FW,Jordy Caicedo,厄瓜多尔16号前锋,28,,19,3,Huracán,False,https://images.fotmob.com/image_resources/playerimages/766159.png,fotmob,https://www.fotmob.com/players/766159
E,Ecuador,17,DF,Ángelo Preciado,厄瓜多尔17号后卫,28,,54,0,Atlético Mineiro,False,https://images.fotmob.com/image_resources/playerimages/848593.png,fotmob,https://www.fotmob.com/players/848593
E,Ecuador,18,MF,Denil Castillo,厄瓜多尔18号中场,22,,5,0,Midtjylland,False,https://images.fotmob.com/image_resources/playerimages/1477417.png,fotmob,https://www.fotmob.com/players/1477417
E,Ecuador,19,FW,Gonzalo Plata,厄瓜多尔19号前锋,25,,49,8,Flamengo,False,https://images.fotmob.com/image_resources/playerimages/980311.png,fotmob,https://www.fotmob.com/players/980311
E,Ecuador,20,FW,Nilson Angulo,厄瓜多尔20号前锋,22,,13,1,Sunderland,False,https://images.fotmob.com/image_resources/playerimages/1287010.png,fotmob,https://www.fotmob.com/players/1287010
E,Ecuador,21,MF,Alan Franco,厄瓜多尔21号中场,27,,57,1,Atlético Mineiro,False,https://images.fotmob.com/image_resources/playerimages/832165.png,fotmob,https://www.fotmob.com/players/832165
E,Ecuador,22,GK,Gonzalo Valle,厄瓜多尔22号门将,30,,3,0,LDU Quito,False,https://images.fotmob.com/image_resources/playerimages/1614051.png,fotmob,https://www.fotmob.com/players/1614051
E,Ecuador,23,MF,Moisés Caicedo,莫伊塞斯·凯塞多,24,,60,3,Chelsea,False,https://images.fotmob.com/image_resources/playerimages/1137668.png,fotmob,https://www.fotmob.com/players/1137668
E,Ecuador,24,FW,Jeremy Arévalo,厄瓜多尔24号前锋,21,,3,0,VfB Stuttgart,False,https://images.fotmob.com/image_resources/playerimages/1418122.png,fotmob,https://www.fotmob.com/players/1418122
E,Ecuador,25,DF,Jackson Porozo,厄瓜多尔25号后卫,25,,9,1,Tijuana,False,https://images.fotmob.com/image_resources/playerimages/1032039.png,fotmob,https://www.fotmob.com/players/1032039
E,Ecuador,26,DF,Yaimar Medina,厄瓜多尔26号后卫,21,,5,0,Genk,False,https://images.fotmob.com/image_resources/playerimages/1391753.png,fotmob,https://www.fotmob.com/players/1391753
F,Netherlands,1,GK,Bart Verbruggen,荷兰1号门将,23,,28,0,Brighton & Hove Albion,False,https://images.fotmob.com/image_resources/playerimages/1131987.png,fotmob,https://www.fotmob.com/players/1131987
F,Netherlands,2,DF,Jurriën Timber,荷兰2号后卫,24,,24,0,Arsenal,False,https://images.fotmob.com/image_resources/playerimages/942381.png,fotmob,https://www.fotmob.com/players/942381
F,Netherlands,3,MF,Marten de Roon,荷兰3号中场,35,,43,1,Atalanta,False,https://images.fotmob.com/image_resources/playerimages/198559.png,fotmob,https://www.fotmob.com/players/198559
F,Netherlands,4,DF,Virgil van Dijk,维吉尔·范戴克,34,,91,12,Liverpool,True,https://images.fotmob.com/image_resources/playerimages/209405.png,fotmob,https://www.fotmob.com/players/209405
F,Netherlands,5,DF,Nathan Aké,荷兰5号后卫,31,,59,5,Manchester City,False,https://images.fotmob.com/image_resources/playerimages/417068.png,fotmob,https://www.fotmob.com/players/417068
F,Netherlands,6,DF,Jan Paul van Hecke,荷兰6号后卫,26,,11,0,Brighton & Hove Albion,False,https://images.fotmob.com/image_resources/playerimages/974618.png,fotmob,https://www.fotmob.com/players/974618
F,Netherlands,7,MF,Justin Kluivert,荷兰7号中场,27,,12,0,Bournemouth,False,https://images.fotmob.com/image_resources/playerimages/794253.png,fotmob,https://www.fotmob.com/players/794253
F,Netherlands,8,MF,Ryan Gravenberch,荷兰8号中场,24,,26,1,Liverpool,False,https://images.fotmob.com/image_resources/playerimages/956683.png,fotmob,https://www.fotmob.com/players/956683
F,Netherlands,9,FW,Wout Weghorst,荷兰9号前锋,33,,52,14,Ajax,False,https://images.fotmob.com/image_resources/playerimages/351999.png,fotmob,https://www.fotmob.com/players/351999
F,Netherlands,10,FW,Memphis Depay,孟菲斯·德佩,32,,109,55,Corinthians,False,https://images.fotmob.com/image_resources/playerimages/303824.png,fotmob,https://www.fotmob.com/players/303824
F,Netherlands,11,FW,Cody Gakpo,科迪·加克波,27,,49,19,Liverpool,False,https://images.fotmob.com/image_resources/playerimages/806552.png,fotmob,https://www.fotmob.com/players/806552
F,Netherlands,12,DF,Mats Wieffer,荷兰12号后卫,26,,15,1,Brighton & Hove Albion,False,https://images.fotmob.com/image_resources/playerimages/970243.png,fotmob,https://www.fotmob.com/players/970243
F,Netherlands,13,GK,Robin Roefs,荷兰13号门将,23,,1,0,Sunderland,False,https://images.fotmob.com/image_resources/playerimages/1125720.png,fotmob,https://www.fotmob.com/players/1125720
F,Netherlands,14,MF,Tijjani Reijnders,荷兰14号中场,27,,31,7,Manchester City,False,https://images.fotmob.com/image_resources/playerimages/868344.png,fotmob,https://www.fotmob.com/players/868344
F,Netherlands,15,DF,Micky van de Ven,荷兰15号后卫,25,,20,1,Tottenham Hotspur,False,https://images.fotmob.com/image_resources/playerimages/1097466.png,fotmob,https://www.fotmob.com/players/1097466
F,Netherlands,16,MF,Guus Til,荷兰16号中场,28,,6,1,PSV Eindhoven,False,https://images.fotmob.com/image_resources/playerimages/774947.png,fotmob,https://www.fotmob.com/players/774947
F,Netherlands,17,FW,Noa Lang,荷兰17号前锋,26,,15,3,Galatasaray,False,https://images.fotmob.com/image_resources/playerimages/837341.png,fotmob,https://www.fotmob.com/players/837341
F,Netherlands,18,FW,Donyell Malen,荷兰18号前锋,27,,52,13,Roma,False,https://images.fotmob.com/image_resources/playerimages/660301.png,fotmob,https://www.fotmob.com/players/660301
F,Netherlands,19,FW,Brian Brobbey,荷兰19号前锋,24,,11,1,Sunderland,False,https://images.fotmob.com/image_resources/playerimages/940446.png,fotmob,https://www.fotmob.com/players/940446
F,Netherlands,20,MF,Teun Koopmeiners,荷兰20号中场,28,,28,3,Juventus,False,https://images.fotmob.com/image_resources/playerimages/866516.png,fotmob,https://www.fotmob.com/players/866516
F,Netherlands,21,MF,Frenkie de Jong,弗伦基·德容,29,,65,2,Barcelona,False,https://images.fotmob.com/image_resources/playerimages/638622.png,fotmob,https://www.fotmob.com/players/638622
F,Netherlands,22,DF,Denzel Dumfries,荷兰22号后卫,30,,71,11,Inter Milan,False,https://images.fotmob.com/image_resources/playerimages/593118.png,fotmob,https://www.fotmob.com/players/593118
F,Netherlands,23,GK,Mark Flekken,荷兰23号门将,32,,11,0,Bayer Leverkusen,False,https://images.fotmob.com/image_resources/playerimages/330643.png,fotmob,https://www.fotmob.com/players/330643
F,Netherlands,24,FW,Crysencio Summerville,荷兰24号前锋,24,,1,0,West Ham United,False,https://images.fotmob.com/image_resources/playerimages/941213.png,fotmob,https://www.fotmob.com/players/941213
F,Netherlands,25,DF,Jorrel Hato,荷兰25号后卫,20,,8,0,Chelsea,False,https://images.fotmob.com/image_resources/playerimages/1413846.png,fotmob,https://www.fotmob.com/players/1413846
F,Netherlands,26,MF,Quinten Timber,荷兰26号中场,24,,11,1,Marseille,False,https://images.fotmob.com/image_resources/playerimages/970563.png,fotmob,https://www.fotmob.com/players/970563
F,Japan,1,GK,Zion Suzuki,日本1号门将,23,,24,0,Parma,False,https://images.fotmob.com/image_resources/playerimages/1053679.png,fotmob,https://www.fotmob.com/players/1053679
F,Japan,2,DF,Yukinari Sugawara,日本2号后卫,25,,21,2,Werder Bremen,False,https://images.fotmob.com/image_resources/playerimages/924610.png,fotmob,https://www.fotmob.com/players/924610
F,Japan,3,DF,Shōgo Taniguchi,日本3号后卫,34,,38,1,Sint-Truiden,False,https://images.fotmob.com/image_resources/playerimages/523731.png,fotmob,https://www.fotmob.com/players/523731
F,Japan,4,DF,Kō Itakura,日本4号后卫,29,,40,2,Ajax,False,https://images.fotmob.com/image_resources/playerimages/620917.png,fotmob,https://www.fotmob.com/players/620917
F,Japan,5,DF,Yūto Nagatomo,长友佑都,39,,145,4,FC Tokyo,False,https://images.fotmob.com/image_resources/playerimages/98254.png,fotmob,https://www.fotmob.com/players/98254
F,Japan,6,MF,Wataru Endo,远藤航,33,,73,4,Liverpool,True,https://images.fotmob.com/image_resources/playerimages/202643.png,fotmob,https://www.fotmob.com/players/202643
F,Japan,7,MF,Ao Tanaka,日本7号中场,27,,38,8,Leeds United,False,https://images.fotmob.com/image_resources/playerimages/935728.png,fotmob,https://www.fotmob.com/players/935728
F,Japan,8,MF,Takefusa Kubo,久保建英,25,,49,7,Real Sociedad,False,https://images.fotmob.com/image_resources/playerimages/848289.png,fotmob,https://www.fotmob.com/players/848289
F,Japan,9,FW,Keisuke Gotō,日本9号前锋,21,,4,0,Sint-Truiden,False,https://images.fotmob.com/image_resources/playerimages/1436730.png,fotmob,https://www.fotmob.com/players/1436730
F,Japan,10,MF,Ritsu Dōan,日本10号中场,27,,65,11,Eintracht Frankfurt,False,https://images.fotmob.com/image_resources/playerimages/629805.png,fotmob,https://www.fotmob.com/players/629805
F,Japan,11,MF,Daizen Maeda,日本11号中场,28,,27,4,Celtic,False,https://images.fotmob.com/image_resources/playerimages/728765.png,fotmob,https://www.fotmob.com/players/728765
F,Japan,12,GK,Keisuke Ōsako,日本12号门将,26,,11,0,Sanfrecce Hiroshima,False,https://images.fotmob.com/image_resources/playerimages/922808.png,fotmob,https://www.fotmob.com/players/922808
F,Japan,13,MF,Keito Nakamura,日本13号中场,25,,25,10,Reims,False,https://images.fotmob.com/image_resources/playerimages/887704.png,fotmob,https://www.fotmob.com/players/887704
F,Japan,14,MF,Junya Itō,伊东纯也,33,,69,15,Genk,False,https://images.fotmob.com/image_resources/playerimages/604044.png,fotmob,https://www.fotmob.com/players/604044
F,Japan,15,MF,Daichi Kamada,镰田大地,29,,49,12,Crystal Palace,False,https://images.fotmob.com/image_resources/playerimages/621515.png,fotmob,https://www.fotmob.com/players/621515
F,Japan,16,DF,Tsuyoshi Watanabe,日本16号后卫,29,,11,0,Feyenoord,False,https://images.fotmob.com/image_resources/playerimages/1023887.png,fotmob,https://www.fotmob.com/players/1023887
F,Japan,17,MF,Yuito Suzuki,日本17号中场,24,,6,0,SC Freiburg,False,https://images.fotmob.com/image_resources/playerimages/1134467.png,fotmob,https://www.fotmob.com/players/1134467
F,Japan,18,FW,Ayase Ueda,日本18号前锋,27,,39,16,Feyenoord,False,https://images.fotmob.com/image_resources/playerimages/942393.png,fotmob,https://www.fotmob.com/players/942393
F,Japan,19,FW,Kōki Ogawa,日本19号前锋,28,,15,11,NEC,False,https://images.fotmob.com/image_resources/playerimages/727837.png,fotmob,https://www.fotmob.com/players/727837
F,Japan,20,DF,Ayumu Seko,日本20号后卫,26,,14,0,Le Havre,False,https://images.fotmob.com/image_resources/playerimages/857120.png,fotmob,https://www.fotmob.com/players/857120
F,Japan,21,DF,Hiroki Itō,日本21号后卫,27,,24,1,Bayern Munich,False,https://images.fotmob.com/image_resources/playerimages/851626.png,fotmob,https://www.fotmob.com/players/851626
F,Japan,22,DF,Takehiro Tomiyasu,富安健洋,27,,43,1,Ajax,False,https://images.fotmob.com/image_resources/playerimages/664444.png,fotmob,https://www.fotmob.com/players/664444
F,Japan,23,GK,Tomoki Hayakawa,日本23号门将,27,,4,0,Kashima Antlers,False,https://images.fotmob.com/image_resources/playerimages/1232143.png,fotmob,https://www.fotmob.com/players/1232143
F,Japan,24,MF,Kaishū Sano,日本24号中场,25,,13,0,Mainz 05,False,https://images.fotmob.com/image_resources/playerimages/1033111.png,fotmob,https://www.fotmob.com/players/1033111
F,Japan,25,DF,Junnosuke Suzuki,日本25号后卫,22,,6,0,Copenhagen,False,https://images.fotmob.com/image_resources/playerimages/1337765.png,fotmob,https://www.fotmob.com/players/1337765
F,Japan,26,FW,Kento Shiogai,日本26号前锋,21,,2,0,VfL Wolfsburg,False,https://images.fotmob.com/image_resources/playerimages/1611223.png,fotmob,https://www.fotmob.com/players/1611223
F,Tunisia,1,GK,Mouhib Chamakh,突尼斯1号门将,24,,2,0,Club Africain,False,,,
F,Tunisia,2,DF,Ali Abdi,突尼斯2号后卫,32,,46,7,Nice,False,https://images.fotmob.com/image_resources/playerimages/566187.png,fotmob,https://www.fotmob.com/players/566187
F,Tunisia,3,DF,Montassar Talbi,突尼斯3号后卫,28,,63,4,Lorient,False,https://images.fotmob.com/image_resources/playerimages/846392.png,fotmob,https://www.fotmob.com/players/846392
F,Tunisia,4,DF,Omar Rekik,突尼斯4号后卫,24,,5,0,Maribor,False,https://images.fotmob.com/image_resources/playerimages/1160097.png,fotmob,https://www.fotmob.com/players/1160097
F,Tunisia,5,DF,Adem Arous,突尼斯5号后卫,21,,1,0,Kasımpaşa,False,https://images.fotmob.com/image_resources/playerimages/1797902.png,fotmob,https://www.fotmob.com/players/1797902
F,Tunisia,6,DF,Dylan Bronn,突尼斯6号后卫,30,,52,2,Servette,False,https://images.fotmob.com/image_resources/playerimages/771686.png,fotmob,https://www.fotmob.com/players/771686
F,Tunisia,7,FW,Elias Achouri,突尼斯7号前锋,27,,29,4,Copenhagen,False,https://images.fotmob.com/image_resources/playerimages/1015128.png,fotmob,https://www.fotmob.com/players/1015128
F,Tunisia,8,FW,Elias Saad,突尼斯8号前锋,26,,15,4,Hannover 96,False,https://images.fotmob.com/image_resources/playerimages/1285773.png,fotmob,https://www.fotmob.com/players/1285773
F,Tunisia,9,FW,Hazem Mastouri,突尼斯9号前锋,28,,18,4,Dynamo Makhachkala,False,https://images.fotmob.com/image_resources/playerimages/1311408.png,fotmob,https://www.fotmob.com/players/1311408
F,Tunisia,10,MF,Hannibal Mejbri,突尼斯10号中场,23,,45,1,Burnley,False,https://images.fotmob.com/image_resources/playerimages/1113785.png,fotmob,https://www.fotmob.com/players/1113785
F,Tunisia,11,MF,Ismaël Gharbi,突尼斯11号中场,22,,16,2,FC Augsburg,False,https://images.fotmob.com/image_resources/playerimages/1244924.png,fotmob,https://www.fotmob.com/players/1244924
F,Tunisia,12,DF,Mortadha Ben Ouanes,突尼斯12号后卫,31,,17,0,Kasımpaşa,False,https://images.fotmob.com/image_resources/playerimages/712132.png,fotmob,https://www.fotmob.com/players/712132
F,Tunisia,13,MF,Rani Khedira,突尼斯13号中场,32,,3,0,Union Berlin,False,https://images.fotmob.com/image_resources/playerimages/304348.png,fotmob,https://www.fotmob.com/players/304348
F,Tunisia,14,MF,Khalil Ayari,突尼斯14号中场,21,,3,0,Paris Saint-Germain,False,https://images.fotmob.com/image_resources/playerimages/1715492.png,fotmob,https://www.fotmob.com/players/1715492
F,Tunisia,15,MF,Hadj Mahmoud,突尼斯15号中场,26,,8,0,Lugano,False,https://images.fotmob.com/image_resources/playerimages/1131896.png,fotmob,https://www.fotmob.com/players/1131896
F,Tunisia,16,GK,Aymen Dahmen,突尼斯16号门将,29,,37,0,CS Sfaxien,False,https://images.fotmob.com/image_resources/playerimages/982855.png,fotmob,https://www.fotmob.com/players/982855
F,Tunisia,17,MF,Ellyes Skhiri,突尼斯17号中场,31,,82,4,Eintracht Frankfurt,True,https://images.fotmob.com/image_resources/playerimages/574642.png,fotmob,https://www.fotmob.com/players/574642
F,Tunisia,18,FW,Rayan Elloumi,突尼斯18号前锋,18,,3,0,Vancouver Whitecaps FC,False,https://images.fotmob.com/image_resources/playerimages/1685596.png,fotmob,https://www.fotmob.com/players/1685596
F,Tunisia,19,FW,Firas Chaouat,突尼斯19号前锋,30,,29,6,Club Africain,False,https://images.fotmob.com/image_resources/playerimages/845336.png,fotmob,https://www.fotmob.com/players/845336
F,Tunisia,20,DF,Yan Valery,突尼斯20号后卫,27,,22,0,Young Boys,False,https://images.fotmob.com/image_resources/playerimages/789596.png,fotmob,https://www.fotmob.com/players/789596
F,Tunisia,21,DF,Mohamed Amine Ben Hamida,突尼斯21号后卫,30,,12,0,Espérance de Tunis,False,https://commons.wikimedia.org/wiki/Special:FilePath/Mohamed%20Amine%20Ben%20Hmida.jpg,wikidata,
F,Tunisia,22,GK,Sabri Ben Hessen,突尼斯22号门将,29,,2,0,Étoile du Sahel,False,https://images.fotmob.com/image_resources/playerimages/543363.png,fotmob,https://www.fotmob.com/players/543363
F,Tunisia,23,DF,Moutaz Neffati,突尼斯23号后卫,21,,5,0,IFK Norrköping,False,https://images.fotmob.com/image_resources/playerimages/1413151.png,fotmob,https://www.fotmob.com/players/1413151
F,Tunisia,24,DF,Raed Chikhaoui,突尼斯24号后卫,22,,0,0,US Monastir,False,https://images.fotmob.com/image_resources/playerimages/1721242.png,fotmob,https://www.fotmob.com/players/1721242
F,Tunisia,25,MF,Anis Ben Slimane,突尼斯25号中场,25,,40,4,Norwich City,False,https://images.fotmob.com/image_resources/playerimages/1055316.png,fotmob,https://www.fotmob.com/players/1055316
F,Tunisia,26,MF,Sebastian Tounekti,突尼斯26号中场,23,,11,1,Celtic,False,https://images.fotmob.com/image_resources/playerimages/921919.png,fotmob,https://www.fotmob.com/players/921919
F,Sweden,1,GK,Jacob Widell Zetterström,瑞典1号门将,27,,3,0,Derby County,False,https://images.fotmob.com/image_resources/playerimages/1014602.png,fotmob,https://www.fotmob.com/players/1014602
F,Sweden,2,DF,Gustaf Lagerbielke,瑞典2号后卫,26,,10,2,Braga,False,https://images.fotmob.com/image_resources/playerimages/919848.png,fotmob,https://www.fotmob.com/players/919848
F,Sweden,3,DF,Victor Lindelöf,瑞典3号后卫,31,,76,3,Aston Villa,True,https://commons.wikimedia.org/wiki/Special:FilePath/Sweden-Slovenia%20Nations%20League%202022-09-27%206%20%28Victor%20Lindelof%2C%20cropped%29.jpg,wikidata,
F,Sweden,4,DF,Isak Hien,瑞典4号后卫,27,,28,0,Atalanta,False,https://images.fotmob.com/image_resources/playerimages/939780.png,fotmob,https://www.fotmob.com/players/939780
F,Sweden,5,DF,Gabriel Gudmundsson,瑞典5号后卫,27,,23,0,Leeds United,False,https://images.fotmob.com/image_resources/playerimages/744494.png,fotmob,https://www.fotmob.com/players/744494
F,Sweden,6,DF,Herman Johansson,瑞典6号后卫,28,,3,0,FC Dallas,False,https://images.fotmob.com/image_resources/playerimages/946703.png,fotmob,https://www.fotmob.com/players/946703
F,Sweden,7,MF,Lucas Bergvall,瑞典7号中场,20,,9,0,Tottenham Hotspur,False,https://images.fotmob.com/image_resources/playerimages/1386775.png,fotmob,https://www.fotmob.com/players/1386775
F,Sweden,8,DF,Daniel Svensson,瑞典8号后卫,24,,12,0,Borussia Dortmund,False,https://images.fotmob.com/image_resources/playerimages/1209228.png,fotmob,https://www.fotmob.com/players/1209228
F,Sweden,9,FW,Alexander Isak,瑞典9号前锋,26,,57,17,Liverpool,False,https://images.fotmob.com/image_resources/playerimages/690107.png,fotmob,https://www.fotmob.com/players/690107
F,Sweden,10,MF,Benjamin Nygren,瑞典10号中场,24,,10,3,Celtic,False,https://images.fotmob.com/image_resources/playerimages/931605.png,fotmob,https://www.fotmob.com/players/931605
F,Sweden,11,FW,Anthony Elanga,瑞典11号前锋,24,,29,6,Newcastle United,False,https://images.fotmob.com/image_resources/playerimages/1050166.png,fotmob,https://www.fotmob.com/players/1050166
F,Sweden,12,GK,Viktor Johansson,瑞典12号门将,27,,12,0,Stoke City,False,https://images.fotmob.com/image_resources/playerimages/546252.png,fotmob,https://www.fotmob.com/players/546252
F,Sweden,13,MF,Ken Sema,瑞典13号中场,32,,33,5,Pafos,False,https://images.fotmob.com/image_resources/playerimages/520670.png,fotmob,https://www.fotmob.com/players/520670
F,Sweden,14,DF,Hjalmar Ekdal,瑞典14号后卫,27,,12,0,Burnley,False,https://images.fotmob.com/image_resources/playerimages/831044.png,fotmob,https://www.fotmob.com/players/831044
F,Sweden,15,DF,Carl Starfelt,瑞典15号后卫,31,,17,0,Celta Vigo,False,https://images.fotmob.com/image_resources/playerimages/497662.png,fotmob,https://www.fotmob.com/players/497662
F,Sweden,16,MF,Jesper Karlström,瑞典16号中场,30,,24,0,Udinese,False,https://images.fotmob.com/image_resources/playerimages/322003.png,fotmob,https://www.fotmob.com/players/322003
F,Sweden,17,FW,Viktor Gyökeres,瑞典17号前锋,28,,32,19,Arsenal,False,https://images.fotmob.com/image_resources/playerimages/664500.png,fotmob,https://www.fotmob.com/players/664500
F,Sweden,18,MF,Yasin Ayari,瑞典18号中场,22,,20,3,Brighton & Hove Albion,False,https://images.fotmob.com/image_resources/playerimages/1168311.png,fotmob,https://www.fotmob.com/players/1168311
F,Sweden,19,MF,Mattias Svanberg,瑞典19号中场,27,,40,2,VfL Wolfsburg,False,https://images.fotmob.com/image_resources/playerimages/647900.png,fotmob,https://www.fotmob.com/players/647900
F,Sweden,20,DF,Eric Smith,瑞典20号后卫,29,,1,0,FC St. Pauli,False,https://images.fotmob.com/image_resources/playerimages/531327.png,fotmob,https://www.fotmob.com/players/531327
F,Sweden,21,DF,Alexander Bernhardsson,瑞典21号后卫,27,,10,0,Holstein Kiel,False,https://images.fotmob.com/image_resources/playerimages/1014688.png,fotmob,https://www.fotmob.com/players/1014688
F,Sweden,22,MF,Besfort Zeneli,瑞典22号中场,23,,7,0,Union Saint-Gilloise,False,https://images.fotmob.com/image_resources/playerimages/1338361.png,fotmob,https://www.fotmob.com/players/1338361
F,Sweden,23,GK,Kristoffer Nordfeldt,瑞典23号门将,36,,20,0,AIK,False,https://images.fotmob.com/image_resources/playerimages/73462.png,fotmob,https://www.fotmob.com/players/73462
F,Sweden,24,DF,Elliot Stroud,瑞典24号后卫,23,,0,0,Mjällby AIF,False,https://images.fotmob.com/image_resources/playerimages/1272349.png,fotmob,https://www.fotmob.com/players/1272349
F,Sweden,25,FW,Gustaf Nilsson,瑞典25号前锋,29,,9,3,Club Brugge,False,https://images.fotmob.com/image_resources/playerimages/118241.png,fotmob,https://www.fotmob.com/players/118241
F,Sweden,26,FW,Taha Ali,瑞典26号前锋,27,,1,0,Malmö FF,False,https://images.fotmob.com/image_resources/playerimages/1135782.png,fotmob,https://www.fotmob.com/players/1135782
G,Belgium,1,GK,Thibaut Courtois,蒂博·库尔图瓦,34,,108,0,Real Madrid,False,https://images.fotmob.com/image_resources/playerimages/170323.png,fotmob,https://www.fotmob.com/players/170323
G,Belgium,2,DF,Zeno Debast,比利时2号后卫,22,,26,1,Sporting CP,False,https://images.fotmob.com/image_resources/playerimages/1232172.png,fotmob,https://www.fotmob.com/players/1232172
G,Belgium,3,DF,Arthur Theate,比利时3号后卫,26,,33,1,Eintracht Frankfurt,False,https://images.fotmob.com/image_resources/playerimages/1173250.png,fotmob,https://www.fotmob.com/players/1173250
G,Belgium,4,DF,Brandon Mechele,比利时4号后卫,33,,8,1,Club Brugge,False,https://images.fotmob.com/image_resources/playerimages/445873.png,fotmob,https://www.fotmob.com/players/445873
G,Belgium,5,DF,Maxim De Cuyper,比利时5号后卫,25,,18,4,Brighton & Hove Albion,False,https://images.fotmob.com/image_resources/playerimages/1134871.png,fotmob,https://www.fotmob.com/players/1134871
G,Belgium,6,MF,Axel Witsel,比利时6号中场,37,,137,12,Girona,False,https://images.fotmob.com/image_resources/playerimages/39591.png,fotmob,https://www.fotmob.com/players/39591
G,Belgium,7,MF,Kevin De Bruyne,凯文·德布劳内,34,,118,36,Napoli,False,https://images.fotmob.com/image_resources/playerimages/169200.png,fotmob,https://www.fotmob.com/players/169200
G,Belgium,8,MF,Youri Tielemans,比利时8号中场,29,,84,13,Aston Villa,True,https://images.fotmob.com/image_resources/playerimages/465960.png,fotmob,https://www.fotmob.com/players/465960
G,Belgium,9,FW,Romelu Lukaku,罗梅卢·卢卡库,33,,125,90,Napoli,False,https://images.fotmob.com/image_resources/playerimages/181276.png,fotmob,https://www.fotmob.com/players/181276
G,Belgium,10,FW,Leandro Trossard,比利时10号前锋,31,,50,11,Arsenal,False,https://images.fotmob.com/image_resources/playerimages/318615.png,fotmob,https://www.fotmob.com/players/318615
G,Belgium,11,FW,Jérémy Doku,杰里米·多库,24,,42,7,Manchester City,False,https://images.fotmob.com/image_resources/playerimages/942368.png,fotmob,https://www.fotmob.com/players/942368
G,Belgium,12,GK,Senne Lammens,比利时12号门将,23,,2,0,Manchester United,False,https://images.fotmob.com/image_resources/playerimages/1178602.png,fotmob,https://www.fotmob.com/players/1178602
G,Belgium,13,GK,Mike Penders,比利时13号门将,20,,0,0,Strasbourg,False,https://images.fotmob.com/image_resources/playerimages/1319972.png,fotmob,https://www.fotmob.com/players/1319972
G,Belgium,14,FW,Dodi Lukébakio,比利时14号前锋,28,,29,5,Benfica,False,https://images.fotmob.com/image_resources/playerimages/688876.png,fotmob,https://www.fotmob.com/players/688876
G,Belgium,15,DF,Thomas Meunier,比利时15号后卫,34,,79,10,Lille,False,https://images.fotmob.com/image_resources/playerimages/277771.png,fotmob,https://www.fotmob.com/players/277771
G,Belgium,16,DF,Koni De Winter,比利时16号后卫,23,,8,0,Milan,False,https://images.fotmob.com/image_resources/playerimages/1200630.png,fotmob,https://www.fotmob.com/players/1200630
G,Belgium,17,FW,Charles De Ketelaere,比利时17号前锋,25,,29,5,Atalanta,False,https://images.fotmob.com/image_resources/playerimages/1095432.png,fotmob,https://www.fotmob.com/players/1095432
G,Belgium,18,DF,Joaquin Seys,比利时18号后卫,21,,5,0,Club Brugge,False,https://images.fotmob.com/image_resources/playerimages/1489449.png,fotmob,https://www.fotmob.com/players/1489449
G,Belgium,19,MF,Diego Moreira,比利时19号中场,21,,2,0,Strasbourg,False,https://images.fotmob.com/image_resources/playerimages/1342754.png,fotmob,https://www.fotmob.com/players/1342754
G,Belgium,20,MF,Hans Vanaken,比利时20号中场,33,,33,7,Club Brugge,False,https://images.fotmob.com/image_resources/playerimages/203666.png,fotmob,https://www.fotmob.com/players/203666
G,Belgium,21,DF,Timothy Castagne,比利时21号后卫,30,,62,2,Fulham,False,https://images.fotmob.com/image_resources/playerimages/465750.png,fotmob,https://www.fotmob.com/players/465750
G,Belgium,22,MF,Alexis Saelemaekers,比利时22号中场,26,,24,2,Milan,False,https://images.fotmob.com/image_resources/playerimages/921341.png,fotmob,https://www.fotmob.com/players/921341
G,Belgium,23,MF,Nicolas Raskin,比利时23号中场,25,,12,1,Rangers,False,https://images.fotmob.com/image_resources/playerimages/863869.png,fotmob,https://www.fotmob.com/players/863869
G,Belgium,24,MF,Amadou Onana,比利时24号中场,24,,28,1,Aston Villa,False,https://images.fotmob.com/image_resources/playerimages/1185748.png,fotmob,https://www.fotmob.com/players/1185748
G,Belgium,25,DF,Nathan Ngoy,比利时25号后卫,23,,3,0,Lille,False,https://images.fotmob.com/image_resources/playerimages/1252070.png,fotmob,https://www.fotmob.com/players/1252070
G,Belgium,26,FW,Matias Fernandez-Pardo,比利时26号前锋,21,,1,0,Lille,False,https://images.fotmob.com/image_resources/playerimages/1444231.png,fotmob,https://www.fotmob.com/players/1444231
G,Egypt,1,GK,Mohamed El Shenawy,埃及1号门将,37,,76,0,Al Ahly,False,https://images.fotmob.com/image_resources/playerimages/546550.png,fotmob,https://www.fotmob.com/players/546550
G,Egypt,2,DF,Yasser Ibrahim,埃及2号后卫,33,,16,1,Al Ahly,False,https://images.fotmob.com/image_resources/playerimages/533403.png,fotmob,https://www.fotmob.com/players/533403
G,Egypt,3,DF,Mohamed Hany,埃及3号后卫,30,,41,0,Al Ahly,False,https://images.fotmob.com/image_resources/playerimages/660213.png,fotmob,https://www.fotmob.com/players/660213
G,Egypt,4,DF,Hossam Abdelmaguid,埃及4号后卫,25,,13,0,Zamalek,False,https://images.fotmob.com/image_resources/playerimages/1384425.png,fotmob,https://www.fotmob.com/players/1384425
G,Egypt,5,DF,Ramy Rabia,埃及5号后卫,33,,44,5,Al Ain,False,https://images.fotmob.com/image_resources/playerimages/505872.png,fotmob,https://www.fotmob.com/players/505872
G,Egypt,6,DF,Mohamed Abdelmonem,埃及6号后卫,27,,35,3,Nice,False,https://images.fotmob.com/image_resources/playerimages/1179331.png,fotmob,https://www.fotmob.com/players/1179331
G,Egypt,7,FW,Trézéguet,埃及7号前锋,31,,95,23,Al Ahly,False,https://images.fotmob.com/image_resources/playerimages/513492.png,fotmob,https://www.fotmob.com/players/513492
G,Egypt,8,MF,Emam Ashour,埃及8号中场,28,,28,0,Al Ahly,False,https://images.fotmob.com/image_resources/playerimages/979376.png,fotmob,https://www.fotmob.com/players/979376
G,Egypt,9,FW,Hamza Abdelkarim,埃及9号前锋,18,,1,0,Barcelona,False,https://images.fotmob.com/image_resources/playerimages/1708842.png,fotmob,https://www.fotmob.com/players/1708842
G,Egypt,10,FW,Mohamed Salah,穆罕默德·萨拉赫,33,,115,67,Liverpool,True,https://images.fotmob.com/image_resources/playerimages/292462.png,fotmob,https://www.fotmob.com/players/292462
G,Egypt,11,MF,Mostafa Ziko,埃及11号中场,29,,1,1,Pyramids,False,https://images.fotmob.com/image_resources/playerimages/1426403.png,fotmob,https://www.fotmob.com/players/1426403
G,Egypt,12,FW,Haissem Hassan,埃及12号前锋,24,,3,0,Oviedo,False,https://images.fotmob.com/image_resources/playerimages/971787.png,fotmob,https://www.fotmob.com/players/971787
G,Egypt,13,DF,Ahmed Fatouh,埃及13号后卫,28,,38,1,Zamalek,False,https://commons.wikimedia.org/wiki/Special:FilePath/Elfotouh.jpg,wikidata,
G,Egypt,14,MF,Hamdy Fathy,埃及14号中场,31,,62,3,Al-Wakrah,False,https://images.fotmob.com/image_resources/playerimages/1022128.png,fotmob,https://www.fotmob.com/players/1022128
G,Egypt,15,DF,Karim Hafez,埃及15号后卫,30,,8,0,Pyramids,False,https://images.fotmob.com/image_resources/playerimages/560416.png,fotmob,https://www.fotmob.com/players/560416
G,Egypt,16,GK,El Mahdy Soliman,埃及16号门将,39,,0,0,Zamalek,False,,,
G,Egypt,17,MF,Mohanad Lasheen,埃及17号中场,30,,22,0,Pyramids,False,https://images.fotmob.com/image_resources/playerimages/906944.png,fotmob,https://www.fotmob.com/players/906944
G,Egypt,18,MF,Nabil Emad,埃及18号中场,30,,12,0,Al-Najma,False,,,
G,Egypt,19,MF,Marwan Attia,埃及19号中场,27,,33,1,Al Ahly,False,https://commons.wikimedia.org/wiki/Special:FilePath/Marwan%20Attia.jpg,wikidata,
G,Egypt,20,FW,Ibrahim Adel,埃及20号前锋,25,,23,3,Nordsjælland,False,https://images.fotmob.com/image_resources/playerimages/1272436.png,fotmob,https://www.fotmob.com/players/1272436
G,Egypt,21,MF,Mahmoud Saber,埃及21号中场,24,,15,1,ZED,False,https://images.fotmob.com/image_resources/playerimages/1291391.png,fotmob,https://www.fotmob.com/players/1291391
G,Egypt,22,FW,Omar Marmoush,奥马尔·马尔穆什,27,,48,11,Manchester City,False,https://images.fotmob.com/image_resources/playerimages/839204.png,fotmob,https://www.fotmob.com/players/839204
G,Egypt,23,GK,Mostafa Shobeir,埃及23号门将,26,,8,0,Al Ahly,False,https://images.fotmob.com/image_resources/playerimages/1228546.png,fotmob,https://www.fotmob.com/players/1228546
G,Egypt,24,DF,Tarek Alaa,埃及24号后卫,24,,2,0,ZED,False,https://images.fotmob.com/image_resources/playerimages/1689101.png,fotmob,https://www.fotmob.com/players/1689101
G,Egypt,25,FW,Zizo,埃及25号前锋,30,,62,5,Al Ahly,False,https://images.fotmob.com/image_resources/playerimages/532766.png,fotmob,https://www.fotmob.com/players/532766
G,Egypt,26,GK,Mohamed Alaa,埃及26号门将,27,,0,0,El Gouna,False,https://images.fotmob.com/image_resources/playerimages/1689371.png,fotmob,https://www.fotmob.com/players/1689371
G,Iran,1,GK,Alireza Beiranvand,伊朗1号门将,33,,85,0,Tractor,False,https://images.fotmob.com/image_resources/playerimages/505313.png,fotmob,https://www.fotmob.com/players/505313
G,Iran,2,DF,Saleh Hardani,伊朗2号后卫,27,,17,1,Esteghlal,False,https://images.fotmob.com/image_resources/playerimages/1221526.png,fotmob,https://www.fotmob.com/players/1221526
G,Iran,3,DF,Ehsan Hajsafi,伊朗3号后卫,36,,145,7,Sepahan,True,https://commons.wikimedia.org/wiki/Special:FilePath/Ehsan%20Hajsafi%202018.jpg,wikidata,
G,Iran,4,DF,Shojae Khalilzadeh,伊朗4号后卫,37,,57,2,Tractor,False,https://images.fotmob.com/image_resources/playerimages/511397.png,fotmob,https://www.fotmob.com/players/511397
G,Iran,5,DF,Milad Mohammadi,伊朗5号后卫,32,,75,1,Persepolis,False,https://images.fotmob.com/image_resources/playerimages/630459.png,fotmob,https://www.fotmob.com/players/630459
G,Iran,6,MF,Saeid Ezatolahi,伊朗6号中场,29,,82,1,Shabab Al Ahli,False,https://images.fotmob.com/image_resources/playerimages/505281.png,fotmob,https://www.fotmob.com/players/505281
G,Iran,7,MF,Alireza Jahanbakhsh,伊朗7号中场,32,,98,17,Dender,False,https://images.fotmob.com/image_resources/playerimages/466890.png,fotmob,https://www.fotmob.com/players/466890
G,Iran,8,MF,Mohammad Mohebi,伊朗8号中场,27,,36,14,Rostov,False,https://images.fotmob.com/image_resources/playerimages/1073012.png,fotmob,https://www.fotmob.com/players/1073012
G,Iran,9,FW,Mehdi Taremi,迈赫迪·塔雷米,33,,104,60,Olympiacos,False,https://images.fotmob.com/image_resources/playerimages/619506.png,fotmob,https://www.fotmob.com/players/619506
G,Iran,10,FW,Mehdi Ghayedi,伊朗10号前锋,27,,29,10,Al Nasr,False,https://images.fotmob.com/image_resources/playerimages/848314.png,fotmob,https://www.fotmob.com/players/848314
G,Iran,11,FW,Ali Alipour,伊朗11号前锋,30,,13,1,Persepolis,False,https://images.fotmob.com/image_resources/playerimages/505960.png,fotmob,https://www.fotmob.com/players/505960
G,Iran,12,GK,Payam Niazmand,伊朗12号门将,31,,15,0,Persepolis,False,https://images.fotmob.com/image_resources/playerimages/872590.png,fotmob,https://www.fotmob.com/players/872590
G,Iran,13,DF,Hossein Kanaanizadegan,伊朗13号后卫,32,,64,6,Persepolis,False,https://commons.wikimedia.org/wiki/Special:FilePath/Hossein%20Kanaanizadegan%202018%201.jpg,wikidata,
G,Iran,14,MF,Saman Ghoddos,伊朗14号中场,32,,67,3,Kalba,False,https://images.fotmob.com/image_resources/playerimages/532220.png,fotmob,https://www.fotmob.com/players/532220
G,Iran,15,MF,Rouzbeh Cheshmi,伊朗15号中场,32,,40,3,Esteghlal,False,https://commons.wikimedia.org/wiki/Special:FilePath/Esteghlal%20FC%20in%20training%2C%2024%20July%202022%20-%2022.jpg,wikidata,
G,Iran,16,MF,Mehdi Torabi,伊朗16号中场,31,,52,7,Tractor,False,https://images.fotmob.com/image_resources/playerimages/621519.png,fotmob,https://www.fotmob.com/players/621519
G,Iran,17,DF,Aria Yousefi,伊朗17号后卫,24,,13,1,Sepahan,False,https://commons.wikimedia.org/wiki/Special:FilePath/YousefiCropped.jpg,wikidata,
G,Iran,18,FW,Amirhossein Hosseinzadeh,伊朗18号前锋,25,,17,5,Tractor,False,https://images.fotmob.com/image_resources/playerimages/1031319.png,fotmob,https://www.fotmob.com/players/1031319
G,Iran,19,DF,Ali Nemati,伊朗19号后卫,30,,16,0,Foolad,False,https://images.fotmob.com/image_resources/playerimages/872575.png,fotmob,https://www.fotmob.com/players/872575
G,Iran,20,FW,Shahriyar Moghanlou,伊朗20号前锋,31,,20,2,Kalba,False,https://commons.wikimedia.org/wiki/Special:FilePath/Shahriar%20Moghanlou.jpg,wikidata,
G,Iran,21,MF,Mohammad Ghorbani,伊朗21号中场,24,,15,0,Al Wahda,False,https://images.fotmob.com/image_resources/playerimages/1420509.png,fotmob,https://www.fotmob.com/players/1420509
G,Iran,22,GK,Hossein Hosseini,伊朗22号门将,33,,13,0,Sepahan,False,https://images.fotmob.com/image_resources/playerimages/431418.png,fotmob,https://www.fotmob.com/players/431418
G,Iran,23,DF,Ramin Rezaeian,伊朗23号后卫,36,,73,7,Foolad,False,https://images.fotmob.com/image_resources/playerimages/505959.png,fotmob,https://www.fotmob.com/players/505959
G,Iran,24,FW,Dennis Eckert,伊朗24号前锋,29,,0,0,Standard Liège,False,https://images.fotmob.com/image_resources/playerimages/892709.png,fotmob,https://www.fotmob.com/players/892709
G,Iran,25,DF,Danial Eiri,伊朗25号后卫,22,,0,0,Malavan,False,https://images.fotmob.com/image_resources/playerimages/1729681.png,fotmob,https://www.fotmob.com/players/1729681
G,Iran,26,MF,Amirmohammad Razzaghinia,伊朗26号中场,20,,3,0,Esteghlal,False,https://commons.wikimedia.org/wiki/Special:FilePath/AFC%20Champions%20League%202%20-%20Esteghlal%20and%20Al-Wehdat%20football%20teams%20meet%2032%20%282025%29%20Tasnim%20%28cropped%29.jpg,wikidata,
G,New Zealand,1,GK,Max Crocombe,新西兰1号门将,32,,23,0,Millwall,False,https://images.fotmob.com/image_resources/playerimages/315201.png,fotmob,https://www.fotmob.com/players/315201
G,New Zealand,2,DF,Tim Payne,新西兰2号后卫,32,,50,3,Wellington Phoenix,False,https://images.fotmob.com/image_resources/playerimages/324305.png,fotmob,https://www.fotmob.com/players/324305
G,New Zealand,3,DF,Francis de Vries,新西兰3号后卫,31,,19,1,Auckland FC,False,https://images.fotmob.com/image_resources/playerimages/825593.png,fotmob,https://www.fotmob.com/players/825593
G,New Zealand,4,DF,Tyler Bindon,新西兰4号后卫,21,,24,3,Sheffield United,False,https://images.fotmob.com/image_resources/playerimages/1524716.png,fotmob,https://www.fotmob.com/players/1524716
G,New Zealand,5,DF,Michael Boxall,新西兰5号后卫,37,,62,1,Minnesota United FC,False,https://images.fotmob.com/image_resources/playerimages/128949.png,fotmob,https://www.fotmob.com/players/128949
G,New Zealand,6,MF,Joe Bell,新西兰6号中场,27,,31,1,Viking,False,https://images.fotmob.com/image_resources/playerimages/848345.png,fotmob,https://www.fotmob.com/players/848345
G,New Zealand,7,MF,Matthew Garbett,新西兰7号中场,24,,36,5,Peterborough United,False,https://images.fotmob.com/image_resources/playerimages/1108605.png,fotmob,https://www.fotmob.com/players/1108605
G,New Zealand,8,MF,Marko Stamenić,新西兰8号中场,24,,38,3,Swansea City,False,https://images.fotmob.com/image_resources/playerimages/1209597.png,fotmob,https://www.fotmob.com/players/1209597
G,New Zealand,9,FW,Chris Wood,新西兰9号前锋,34,,89,45,Nottingham Forest,True,https://images.fotmob.com/image_resources/playerimages/169719.png,fotmob,https://www.fotmob.com/players/169719
G,New Zealand,10,MF,Sarpreet Singh,新西兰10号中场,27,,27,3,Wellington Phoenix,False,https://images.fotmob.com/image_resources/playerimages/724531.png,fotmob,https://www.fotmob.com/players/724531
G,New Zealand,11,MF,Elijah Just,新西兰11号中场,26,,43,9,Motherwell,False,https://images.fotmob.com/image_resources/playerimages/1053736.png,fotmob,https://www.fotmob.com/players/1053736
G,New Zealand,12,GK,Alex Paulsen,新西兰12号门将,23,,7,0,Lechia Gdańsk,False,https://images.fotmob.com/image_resources/playerimages/1272118.png,fotmob,https://www.fotmob.com/players/1272118
G,New Zealand,13,DF,Liberato Cacace,新西兰13号后卫,25,,36,1,Wrexham,False,https://images.fotmob.com/image_resources/playerimages/919671.png,fotmob,https://www.fotmob.com/players/919671
G,New Zealand,14,MF,Alex Rufer,新西兰14号中场,29,,25,0,Wellington Phoenix,False,https://images.fotmob.com/image_resources/playerimages/519240.png,fotmob,https://www.fotmob.com/players/519240
G,New Zealand,15,DF,Nando Pijnaker,新西兰15号后卫,27,,24,0,Auckland FC,False,https://images.fotmob.com/image_resources/playerimages/1053731.png,fotmob,https://www.fotmob.com/players/1053731
G,New Zealand,16,DF,Finn Surman,新西兰16号后卫,22,,18,2,Portland Timbers,False,https://images.fotmob.com/image_resources/playerimages/1325761.png,fotmob,https://www.fotmob.com/players/1325761
G,New Zealand,17,FW,Kosta Barbarouses,新西兰17号前锋,36,,75,10,Western Sydney Wanderers,False,https://images.fotmob.com/image_resources/playerimages/96488.png,fotmob,https://www.fotmob.com/players/96488
G,New Zealand,18,FW,Ben Waine,新西兰18号前锋,25,,31,9,Port Vale,False,https://images.fotmob.com/image_resources/playerimages/1034995.png,fotmob,https://www.fotmob.com/players/1034995
G,New Zealand,19,MF,Ben Old,新西兰19号中场,23,,23,2,Saint-Étienne,False,https://commons.wikimedia.org/wiki/Special:FilePath/Ben%20Old%20playing%20for%20Wellington%20v%20Perth%2C%20March%202022.jpg,wikidata,
G,New Zealand,20,MF,Callum McCowatt,新西兰20号中场,27,,31,4,Silkeborg,False,https://images.fotmob.com/image_resources/playerimages/848352.png,fotmob,https://www.fotmob.com/players/848352
G,New Zealand,21,FW,Jesse Randall,新西兰21号前锋,23,,10,2,Auckland FC,False,https://images.fotmob.com/image_resources/playerimages/1460327.png,fotmob,https://www.fotmob.com/players/1460327
G,New Zealand,22,GK,Michael Woud,新西兰22号门将,27,,6,0,Auckland FC,False,https://images.fotmob.com/image_resources/playerimages/848317.png,fotmob,https://www.fotmob.com/players/848317
G,New Zealand,23,MF,Ryan Thomas,新西兰23号中场,31,,25,3,PEC Zwolle,False,https://images.fotmob.com/image_resources/playerimages/496356.png,fotmob,https://www.fotmob.com/players/496356
G,New Zealand,24,DF,Callan Elliot,新西兰24号后卫,26,,10,0,Auckland FC,False,https://images.fotmob.com/image_resources/playerimages/1013276.png,fotmob,https://www.fotmob.com/players/1013276
G,New Zealand,25,MF,Lachlan Bayliss,新西兰25号中场,23,,3,0,Newcastle Jets,False,https://images.fotmob.com/image_resources/playerimages/1565865.png,fotmob,https://www.fotmob.com/players/1565865
G,New Zealand,26,DF,Tommy Smith,新西兰26号后卫,36,,56,2,Braintree Town,False,https://images.fotmob.com/image_resources/playerimages/115025.png,fotmob,https://www.fotmob.com/players/115025
H,Spain,1,GK,David Raya,大卫·拉亚,30,,12,0,Arsenal,False,https://images.fotmob.com/image_resources/playerimages/562727.png,fotmob,https://www.fotmob.com/players/562727
H,Spain,2,DF,Marc Pubill,西班牙2号后卫,22,,0,0,Atlético Madrid,False,https://images.fotmob.com/image_resources/playerimages/1323897.png,fotmob,https://www.fotmob.com/players/1323897
H,Spain,3,DF,Álex Grimaldo,西班牙3号后卫,30,,12,0,Bayer Leverkusen,False,https://commons.wikimedia.org/wiki/Special:FilePath/Alex%20Grimaldo%202020.png,wikidata,
H,Spain,4,DF,Eric García,西班牙4号后卫,25,,19,0,Barcelona,False,https://images.fotmob.com/image_resources/playerimages/940573.png,fotmob,https://www.fotmob.com/players/940573
H,Spain,5,DF,Marcos Llorente,西班牙5号后卫,31,,23,0,Atlético Madrid,False,https://images.fotmob.com/image_resources/playerimages/602563.png,fotmob,https://www.fotmob.com/players/602563
H,Spain,6,MF,Mikel Merino,米克尔·梅里诺,29,,41,10,Arsenal,False,https://images.fotmob.com/image_resources/playerimages/574645.png,fotmob,https://www.fotmob.com/players/574645
H,Spain,7,FW,Ferran Torres,费兰·托雷斯,26,,55,23,Barcelona,False,https://images.fotmob.com/image_resources/playerimages/881771.png,fotmob,https://www.fotmob.com/players/881771
H,Spain,8,MF,Fabián Ruiz,西班牙8号中场,30,,41,6,Paris Saint-Germain,False,https://images.fotmob.com/image_resources/playerimages/605654.png,fotmob,https://www.fotmob.com/players/605654
H,Spain,9,MF,Gavi,加维,21,,28,5,Barcelona,False,https://images.fotmob.com/image_resources/playerimages/1279040.png,fotmob,https://www.fotmob.com/players/1279040
H,Spain,10,FW,Dani Olmo,达尼·奥尔莫,28,,48,12,Barcelona,False,https://images.fotmob.com/image_resources/playerimages/614834.png,fotmob,https://www.fotmob.com/players/614834
H,Spain,11,FW,Yéremy Pino,西班牙11号前锋,23,,21,4,Crystal Palace,False,https://commons.wikimedia.org/wiki/Special:FilePath/Manchester%20United%20v%20Villarreal%20CF%2C%2029%20September%202021%20%2807%29%20%28cropped%29.jpg,wikidata,
H,Spain,12,DF,Pedro Porro,西班牙12号后卫,26,,16,0,Tottenham Hotspur,False,https://images.fotmob.com/image_resources/playerimages/941573.png,fotmob,https://www.fotmob.com/players/941573
H,Spain,13,GK,Joan Garcia,西班牙13号门将,25,,1,0,Barcelona,False,https://images.fotmob.com/image_resources/playerimages/1167220.png,fotmob,https://www.fotmob.com/players/1167220
H,Spain,14,DF,Aymeric Laporte,西班牙14号后卫,32,,44,2,Athletic Bilbao,False,https://images.fotmob.com/image_resources/playerimages/411617.png,fotmob,https://www.fotmob.com/players/411617
H,Spain,15,MF,Álex Baena,西班牙15号中场,24,,15,2,Atlético Madrid,False,https://images.fotmob.com/image_resources/playerimages/942372.png,fotmob,https://www.fotmob.com/players/942372
H,Spain,16,MF,Rodri,罗德里,29,,61,4,Manchester City,True,https://images.fotmob.com/image_resources/playerimages/675088.png,fotmob,https://www.fotmob.com/players/675088
H,Spain,17,FW,Nico Williams,西班牙17号前锋,23,,30,6,Athletic Bilbao,False,https://images.fotmob.com/image_resources/playerimages/1202110.png,fotmob,https://www.fotmob.com/players/1202110
H,Spain,18,MF,Martín Zubimendi,西班牙18号中场,27,,25,3,Arsenal,False,https://images.fotmob.com/image_resources/playerimages/1031325.png,fotmob,https://www.fotmob.com/players/1031325
H,Spain,19,FW,Lamine Yamal,拉明·亚马尔,18,,25,6,Barcelona,False,https://images.fotmob.com/image_resources/playerimages/1467236.png,fotmob,https://www.fotmob.com/players/1467236
H,Spain,20,MF,Pedri,佩德里,23,,40,5,Barcelona,False,https://images.fotmob.com/image_resources/playerimages/1083323.png,fotmob,https://www.fotmob.com/players/1083323
H,Spain,21,FW,Mikel Oyarzabal,西班牙21号前锋,29,,52,24,Real Sociedad,False,https://images.fotmob.com/image_resources/playerimages/678234.png,fotmob,https://www.fotmob.com/players/678234
H,Spain,22,DF,Pau Cubarsí,西班牙22号后卫,19,,11,0,Barcelona,False,https://images.fotmob.com/image_resources/playerimages/1532137.png,fotmob,https://www.fotmob.com/players/1532137
H,Spain,23,GK,Unai Simón,西班牙23号门将,29,,57,0,Athletic Bilbao,False,https://images.fotmob.com/image_resources/playerimages/660625.png,fotmob,https://www.fotmob.com/players/660625
H,Spain,24,DF,Marc Cucurella,西班牙24号后卫,27,,23,1,Chelsea,False,https://images.fotmob.com/image_resources/playerimages/873289.png,fotmob,https://www.fotmob.com/players/873289
H,Spain,25,FW,Víctor Muñoz,西班牙25号前锋,22,,2,1,Osasuna,False,https://images.fotmob.com/image_resources/playerimages/1553105.png,fotmob,https://www.fotmob.com/players/1553105
H,Spain,26,FW,Borja Iglesias,西班牙26号前锋,33,,6,0,Celta Vigo,False,https://images.fotmob.com/image_resources/playerimages/609505.png,fotmob,https://www.fotmob.com/players/609505
H,Cape Verde,1,GK,Vozinha,佛得角1号门将,40,,86,0,Chaves,False,https://images.fotmob.com/image_resources/playerimages/422149.png,fotmob,https://www.fotmob.com/players/422149
H,Cape Verde,2,DF,Stopira,佛得角2号后卫,38,,61,4,Torreense,False,https://images.fotmob.com/image_resources/playerimages/164062.png,fotmob,https://www.fotmob.com/players/164062
H,Cape Verde,3,DF,Diney,佛得角3号后卫,31,,30,2,Al Bataeh,False,https://images.fotmob.com/image_resources/playerimages/1792014.png,fotmob,https://www.fotmob.com/players/1792014
H,Cape Verde,4,DF,Roberto Lopes,佛得角4号后卫,33,,45,0,Shamrock Rovers,False,https://images.fotmob.com/image_resources/playerimages/230134.png,fotmob,https://www.fotmob.com/players/230134
H,Cape Verde,5,DF,Logan Costa,佛得角5号后卫,25,,27,0,Villarreal,False,https://images.fotmob.com/image_resources/playerimages/922877.png,fotmob,https://www.fotmob.com/players/922877
H,Cape Verde,6,MF,Kevin Pina,佛得角6号中场,29,,31,3,Krasnodar,False,https://images.fotmob.com/image_resources/playerimages/890503.png,fotmob,https://www.fotmob.com/players/890503
H,Cape Verde,7,MF,Jovane Cabral,佛得角7号中场,27,,26,2,Estrela Amadora,False,https://images.fotmob.com/image_resources/playerimages/785716.png,fotmob,https://www.fotmob.com/players/785716
H,Cape Verde,8,MF,João Paulo,佛得角8号中场,28,,41,1,FCSB,False,https://images.fotmob.com/image_resources/playerimages/1241301.png,fotmob,https://www.fotmob.com/players/1241301
H,Cape Verde,9,FW,Gilson Benchimol,佛得角9号前锋,24,,22,6,Akron Tolyatti,False,https://images.fotmob.com/image_resources/playerimages/1241302.png,fotmob,https://www.fotmob.com/players/1241302
H,Cape Verde,10,MF,Jamiro Monteiro,佛得角10号中场,32,,54,5,PEC Zwolle,False,https://images.fotmob.com/image_resources/playerimages/680905.png,fotmob,https://www.fotmob.com/players/680905
H,Cape Verde,11,MF,Garry Rodrigues,佛得角11号中场,35,,59,9,Apollon Limassol,False,https://images.fotmob.com/image_resources/playerimages/302912.png,fotmob,https://www.fotmob.com/players/302912
H,Cape Verde,12,GK,Márcio Rosa,佛得角12号门将,29,,10,0,Montana,False,https://images.fotmob.com/image_resources/playerimages/865144.png,fotmob,https://www.fotmob.com/players/865144
H,Cape Verde,13,DF,Sidny Lopes Cabral,佛得角13号后卫,23,,9,3,Benfica,False,https://images.fotmob.com/image_resources/playerimages/1441786.png,fotmob,https://www.fotmob.com/players/1441786
H,Cape Verde,14,MF,Deroy Duarte,佛得角14号中场,26,,30,0,Ludogorets Razgrad,False,https://images.fotmob.com/image_resources/playerimages/798069.png,fotmob,https://www.fotmob.com/players/798069
H,Cape Verde,15,MF,Laros Duarte,佛得角15号中场,29,,13,1,Puskás Akadémia,False,https://images.fotmob.com/image_resources/playerimages/665167.png,fotmob,https://www.fotmob.com/players/665167
H,Cape Verde,16,MF,Yannick Semedo,佛得角16号中场,30,,10,1,Farense,False,https://images.fotmob.com/image_resources/playerimages/1205410.png,fotmob,https://www.fotmob.com/players/1205410
H,Cape Verde,17,MF,Willy Semedo,佛得角17号中场,32,,37,2,Omonia,False,https://images.fotmob.com/image_resources/playerimages/873832.png,fotmob,https://www.fotmob.com/players/873832
H,Cape Verde,18,MF,Telmo Arcanjo,佛得角18号中场,24,,15,1,Vitória de Guimarães,False,https://images.fotmob.com/image_resources/playerimages/1165477.png,fotmob,https://www.fotmob.com/players/1165477
H,Cape Verde,19,FW,Dailon Livramento,佛得角19号前锋,25,,21,7,Casa Pia,False,https://images.fotmob.com/image_resources/playerimages/1309634.png,fotmob,https://www.fotmob.com/players/1309634
H,Cape Verde,20,FW,Ryan Mendes,佛得角20号前锋,36,,97,22,Iğdır,True,https://images.fotmob.com/image_resources/playerimages/172615.png,fotmob,https://www.fotmob.com/players/172615
H,Cape Verde,21,MF,Nuno da Costa,佛得角21号中场,35,,8,1,İstanbul Başakşehir,False,https://images.fotmob.com/image_resources/playerimages/671326.png,fotmob,https://www.fotmob.com/players/671326
H,Cape Verde,22,DF,Steven Moreira,佛得角22号后卫,31,,19,0,Columbus Crew,False,https://images.fotmob.com/image_resources/playerimages/444000.png,fotmob,https://www.fotmob.com/players/444000
H,Cape Verde,23,GK,CJ dos Santos,佛得角23号门将,25,,1,0,San Diego FC,False,https://commons.wikimedia.org/wiki/Special:FilePath/C.J.%20dos%20Santos.jpg,wikidata,
H,Cape Verde,24,DF,Wagner Pina,佛得角24号后卫,23,,13,0,Trabzonspor,False,https://images.fotmob.com/image_resources/playerimages/1460591.png,fotmob,https://www.fotmob.com/players/1460591
H,Cape Verde,25,DF,Kelvin Pires,佛得角25号后卫,26,,5,1,SJK,False,https://images.fotmob.com/image_resources/playerimages/1175733.png,fotmob,https://www.fotmob.com/players/1175733
H,Cape Verde,26,MF,Hélio Varela,佛得角26号中场,24,,20,0,Maccabi Tel Aviv,False,https://images.fotmob.com/image_resources/playerimages/1524518.png,fotmob,https://www.fotmob.com/players/1524518
H,Saudi Arabia,1,GK,Nawaf Al-Aqidi,沙特阿拉伯1号门将,26,,22,0,Al-Nassr,False,https://commons.wikimedia.org/wiki/Special:FilePath/Nawaf%20Al-Aqidi%202023%20%28cropped%29.jpg,wikidata,
H,Saudi Arabia,2,DF,Ali Majrashi,沙特阿拉伯2号后卫,26,,20,0,Al-Ahli,False,https://images.fotmob.com/image_resources/playerimages/910986.png,fotmob,https://www.fotmob.com/players/910986
H,Saudi Arabia,3,DF,Ali Lajami,沙特阿拉伯3号后卫,30,,20,1,Al-Hilal,False,https://images.fotmob.com/image_resources/playerimages/640284.png,fotmob,https://www.fotmob.com/players/640284
H,Saudi Arabia,4,DF,Abdulelah Al-Amri,沙特阿拉伯4号后卫,29,,41,1,Al-Nassr,False,https://images.fotmob.com/image_resources/playerimages/848600.png,fotmob,https://www.fotmob.com/players/848600
H,Saudi Arabia,5,DF,Hassan Al-Tambakti,沙特阿拉伯5号后卫,27,,51,0,Al-Hilal,False,https://images.fotmob.com/image_resources/playerimages/848607.png,fotmob,https://www.fotmob.com/players/848607
H,Saudi Arabia,6,MF,Nasser Al-Dawsari,沙特阿拉伯6号中场,27,,42,0,Al-Hilal,False,https://images.fotmob.com/image_resources/playerimages/848612.png,fotmob,https://www.fotmob.com/players/848612
H,Saudi Arabia,7,MF,Musab Al-Juwayr,沙特阿拉伯7号中场,22,,33,6,Al-Qadsiah,False,https://images.fotmob.com/image_resources/playerimages/1235341.png,fotmob,https://www.fotmob.com/players/1235341
H,Saudi Arabia,8,FW,Ayman Yahya,沙特阿拉伯8号前锋,25,,25,0,Al-Nassr,False,https://images.fotmob.com/image_resources/playerimages/1095207.png,fotmob,https://www.fotmob.com/players/1095207
H,Saudi Arabia,9,FW,Firas Al-Buraikan,沙特阿拉伯9号前锋,26,,69,15,Al-Ahli,False,https://images.fotmob.com/image_resources/playerimages/844226.png,fotmob,https://www.fotmob.com/players/844226
H,Saudi Arabia,10,FW,Salem Al-Dawsari,沙特阿拉伯10号前锋,34,,108,26,Al-Hilal,True,https://images.fotmob.com/image_resources/playerimages/307753.png,fotmob,https://www.fotmob.com/players/307753
H,Saudi Arabia,11,FW,Saleh Al-Shehri,沙特阿拉伯11号前锋,32,,55,18,Al-Ittihad,False,https://images.fotmob.com/image_resources/playerimages/384407.png,fotmob,https://www.fotmob.com/players/384407
H,Saudi Arabia,12,DF,Saud Abdulhamid,沙特阿拉伯12号后卫,26,,53,1,Lens,False,https://images.fotmob.com/image_resources/playerimages/1002617.png,fotmob,https://www.fotmob.com/players/1002617
H,Saudi Arabia,13,DF,Nawaf Boushal,沙特阿拉伯13号后卫,26,,24,0,Al-Nassr,False,https://commons.wikimedia.org/wiki/Special:FilePath/Esteghlal%200%20-%200%20Al%20Nassr%2C%20round%20of%2016%20of%20the%20AFC%20Elite%20League%2C%20Azadi%20Stadium%2C%203%20March%202025%2C%20Nawaf%20Boushal.jpg,wikidata,
H,Saudi Arabia,14,DF,Hassan Kadesh,沙特阿拉伯14号后卫,33,,19,2,Al-Ittihad,False,https://images.fotmob.com/image_resources/playerimages/431215.png,fotmob,https://www.fotmob.com/players/431215
H,Saudi Arabia,15,MF,Abdullah Al-Khaibari,沙特阿拉伯15号中场,29,,38,0,Al-Nassr,False,https://commons.wikimedia.org/wiki/Special:FilePath/Abdullah%20Al-Khaibari%202023%20%28cropped%29.jpg,wikidata,
H,Saudi Arabia,16,MF,Ziyad Al-Johani,沙特阿拉伯16号中场,24,,11,0,Al-Ahli,False,https://commons.wikimedia.org/wiki/Special:FilePath/Ziyad%20Al-Johani.jpg,wikidata,
H,Saudi Arabia,17,FW,Khalid Al-Ghannam,沙特阿拉伯17号前锋,25,,5,0,Al-Ettifaq,False,https://images.fotmob.com/image_resources/playerimages/1024928.png,fotmob,https://www.fotmob.com/players/1024928
H,Saudi Arabia,18,MF,Alaa Al-Hejji,沙特阿拉伯18号中场,30,,1,0,Neom,False,,,
H,Saudi Arabia,19,FW,Abdullah Al-Hamdan,沙特阿拉伯19号前锋,26,,48,11,Al-Nassr,False,https://images.fotmob.com/image_resources/playerimages/909198.png,fotmob,https://www.fotmob.com/players/909198
H,Saudi Arabia,20,FW,Sultan Mandash,沙特阿拉伯20号前锋,31,,5,1,Al-Hilal,False,https://images.fotmob.com/image_resources/playerimages/619824.png,fotmob,https://www.fotmob.com/players/619824
H,Saudi Arabia,21,GK,Mohammed Al-Owais,沙特阿拉伯21号门将,34,,63,0,Al-Ula,False,https://images.fotmob.com/image_resources/playerimages/535669.png,fotmob,https://www.fotmob.com/players/535669
H,Saudi Arabia,22,GK,Ahmed Al-Kassar,沙特阿拉伯22号门将,35,,8,0,Al-Qadsiah,False,,,
H,Saudi Arabia,23,MF,Mohamed Kanno,沙特阿拉伯23号中场,31,,75,8,Al-Hilal,False,https://images.fotmob.com/image_resources/playerimages/866373.png,fotmob,https://www.fotmob.com/players/866373
H,Saudi Arabia,24,DF,Moteb Al-Harbi,沙特阿拉伯24号后卫,26,,11,0,Al-Hilal,False,https://images.fotmob.com/image_resources/playerimages/1138003.png,fotmob,https://www.fotmob.com/players/1138003
H,Saudi Arabia,25,DF,Jehad Thakri,沙特阿拉伯25号后卫,24,,6,0,Al-Qadsiah,False,https://images.fotmob.com/image_resources/playerimages/1232530.png,fotmob,https://www.fotmob.com/players/1232530
H,Saudi Arabia,26,DF,Mohammed Abu Al-Shamat,沙特阿拉伯26号后卫,23,,5,0,Al-Qadsiah,False,https://images.fotmob.com/image_resources/playerimages/1543647.png,fotmob,https://www.fotmob.com/players/1543647
H,Uruguay,1,GK,Sergio Rochet,乌拉圭1号门将,33,,35,0,Internacional,False,https://images.fotmob.com/image_resources/playerimages/553476.png,fotmob,https://www.fotmob.com/players/553476
H,Uruguay,2,DF,José María Giménez,乌拉圭2号后卫,31,,99,8,Atlético Madrid,True,https://commons.wikimedia.org/wiki/Special:FilePath/Jos%C3%A9%20Mar%C3%ADa%20Gim%C3%A9nez%20%28cropped%29.jpg,wikidata,
H,Uruguay,3,DF,Sebastián Cáceres,乌拉圭3号后卫,26,,24,0,América,False,https://images.fotmob.com/image_resources/playerimages/1020026.png,fotmob,https://www.fotmob.com/players/1020026
H,Uruguay,4,DF,Ronald Araújo,罗纳德·阿劳霍,27,,27,1,Barcelona,False,https://images.fotmob.com/image_resources/playerimages/921253.png,fotmob,https://www.fotmob.com/players/921253
H,Uruguay,5,MF,Manuel Ugarte,乌拉圭5号中场,25,,36,1,Manchester United,False,https://images.fotmob.com/image_resources/playerimages/1035614.png,fotmob,https://www.fotmob.com/players/1035614
H,Uruguay,6,MF,Rodrigo Bentancur,乌拉圭6号中场,28,,74,3,Tottenham Hotspur,False,https://images.fotmob.com/image_resources/playerimages/620618.png,fotmob,https://www.fotmob.com/players/620618
H,Uruguay,7,MF,Nicolás de la Cruz,乌拉圭7号中场,29,,34,5,Flamengo,False,https://images.fotmob.com/image_resources/playerimages/751198.png,fotmob,https://www.fotmob.com/players/751198
H,Uruguay,8,MF,Federico Valverde,费德里科·巴尔韦德,27,,73,9,Real Madrid,False,https://images.fotmob.com/image_resources/playerimages/743533.png,fotmob,https://www.fotmob.com/players/743533
H,Uruguay,9,FW,Darwin Núñez,达尔文·努涅斯,26,,38,13,Al-Hilal,False,https://images.fotmob.com/image_resources/playerimages/950561.png,fotmob,https://www.fotmob.com/players/950561
H,Uruguay,10,MF,Giorgian de Arrascaeta,乌拉圭10号中场,32,,60,13,Flamengo,False,https://images.fotmob.com/image_resources/playerimages/438647.png,fotmob,https://www.fotmob.com/players/438647
H,Uruguay,11,FW,Facundo Pellistri,乌拉圭11号前锋,24,,39,2,Panathinaikos,False,https://images.fotmob.com/image_resources/playerimages/1073402.png,fotmob,https://www.fotmob.com/players/1073402
H,Uruguay,12,GK,Santiago Mele,乌拉圭12号门将,28,,8,0,Monterrey,False,https://images.fotmob.com/image_resources/playerimages/848027.png,fotmob,https://www.fotmob.com/players/848027
H,Uruguay,13,DF,Guillermo Varela,乌拉圭13号后卫,33,,28,0,Flamengo,False,https://images.fotmob.com/image_resources/playerimages/465614.png,fotmob,https://www.fotmob.com/players/465614
H,Uruguay,14,MF,Agustín Canobbio,乌拉圭14号中场,27,,15,1,Fluminense,False,https://images.fotmob.com/image_resources/playerimages/840212.png,fotmob,https://www.fotmob.com/players/840212
H,Uruguay,15,MF,Emiliano Martínez,乌拉圭15号中场,26,,10,0,Palmeiras,False,https://images.fotmob.com/image_resources/playerimages/1137909.png,fotmob,https://www.fotmob.com/players/1137909
H,Uruguay,16,DF,Mathías Olivera,乌拉圭16号后卫,28,,35,2,Napoli,False,https://images.fotmob.com/image_resources/playerimages/729093.png,fotmob,https://www.fotmob.com/players/729093
H,Uruguay,17,DF,Matías Viña,乌拉圭17号后卫,28,,43,1,River Plate,False,https://images.fotmob.com/image_resources/playerimages/840184.png,fotmob,https://www.fotmob.com/players/840184
H,Uruguay,18,FW,Brian Rodríguez,乌拉圭18号前锋,26,,32,4,América,False,https://images.fotmob.com/image_resources/playerimages/941660.png,fotmob,https://www.fotmob.com/players/941660
H,Uruguay,19,FW,Rodrigo Aguirre,乌拉圭19号前锋,31,,10,3,UANL,False,https://images.fotmob.com/image_resources/playerimages/401095.png,fotmob,https://www.fotmob.com/players/401095
H,Uruguay,20,MF,Maximiliano Araújo,乌拉圭20号中场,26,,28,3,Sporting CP,False,,,
H,Uruguay,21,FW,Federico Viñas,乌拉圭21号前锋,27,,11,2,Oviedo,False,https://images.fotmob.com/image_resources/playerimages/1032811.png,fotmob,https://www.fotmob.com/players/1032811
H,Uruguay,22,MF,Joaquín Piquerez,乌拉圭22号中场,27,,19,0,Palmeiras,False,https://images.fotmob.com/image_resources/playerimages/861661.png,fotmob,https://www.fotmob.com/players/861661
H,Uruguay,23,GK,Fernando Muslera,乌拉圭23号门将,39,,134,0,Estudiantes,False,https://images.fotmob.com/image_resources/playerimages/56829.png,fotmob,https://www.fotmob.com/players/56829
H,Uruguay,24,DF,Santiago Bueno,乌拉圭24号后卫,27,,8,0,Wolverhampton Wanderers,False,https://images.fotmob.com/image_resources/playerimages/848034.png,fotmob,https://www.fotmob.com/players/848034
H,Uruguay,25,MF,Juan Manuel Sanabria,乌拉圭25号中场,26,,5,1,Real Salt Lake,False,,,
H,Uruguay,26,MF,Rodrigo Zalazar,乌拉圭26号中场,26,,8,2,Braga,False,https://images.fotmob.com/image_resources/playerimages/1070776.png,fotmob,https://www.fotmob.com/players/1070776
I,France,1,GK,Brice Samba,法国1号门将,32,,4,0,Rennes,False,https://images.fotmob.com/image_resources/playerimages/279714.png,fotmob,https://www.fotmob.com/players/279714
I,France,2,DF,Malo Gusto,法国2号后卫,23,,9,0,Chelsea,False,https://images.fotmob.com/image_resources/playerimages/1197250.png,fotmob,https://www.fotmob.com/players/1197250
I,France,3,DF,Lucas Digne,法国3号后卫,32,,56,0,Aston Villa,False,https://images.fotmob.com/image_resources/playerimages/210111.png,fotmob,https://www.fotmob.com/players/210111
I,France,4,DF,Dayot Upamecano,法国4号后卫,27,,36,2,Bayern Munich,False,https://images.fotmob.com/image_resources/playerimages/658554.png,fotmob,https://www.fotmob.com/players/658554
I,France,5,DF,Jules Koundé,儒勒·孔德,27,,46,0,Barcelona,False,https://images.fotmob.com/image_resources/playerimages/705450.png,fotmob,https://www.fotmob.com/players/705450
I,France,6,MF,Manu Koné,法国6号中场,25,,12,0,Roma,False,https://commons.wikimedia.org/wiki/Special:FilePath/Kouadio%20Manu%20Kon%C3%A9%20%282019-08-31%29%20%28cropped%29.jpg,wikidata,
I,France,7,FW,Ousmane Dembélé,奥斯曼·登贝莱,29,,58,7,Paris Saint-Germain,False,https://images.fotmob.com/image_resources/playerimages/692984.png,fotmob,https://www.fotmob.com/players/692984
I,France,8,MF,Aurélien Tchouaméni,奥雷利安·楚阿梅尼,26,,44,3,Real Madrid,False,https://images.fotmob.com/image_resources/playerimages/914458.png,fotmob,https://www.fotmob.com/players/914458
I,France,9,FW,Marcus Thuram,法国9号前锋,28,,33,3,Inter Milan,False,https://images.fotmob.com/image_resources/playerimages/621562.png,fotmob,https://www.fotmob.com/players/621562
I,France,10,FW,Kylian Mbappé,基利安·姆巴佩,27,,96,56,Real Madrid,True,https://images.fotmob.com/image_resources/playerimages/701154.png,fotmob,https://www.fotmob.com/players/701154
I,France,11,FW,Michael Olise,法国11号前锋,24,,15,4,Bayern Munich,False,https://images.fotmob.com/image_resources/playerimages/1029063.png,fotmob,https://www.fotmob.com/players/1029063
I,France,12,FW,Bradley Barcola,法国12号前锋,23,,18,3,Paris Saint-Germain,False,https://images.fotmob.com/image_resources/playerimages/1297165.png,fotmob,https://www.fotmob.com/players/1297165
I,France,13,MF,N'Golo Kanté,恩戈洛·坎特,35,,67,2,Fenerbahçe,False,https://images.fotmob.com/image_resources/playerimages/319300.png,fotmob,https://www.fotmob.com/players/319300
I,France,14,MF,Adrien Rabiot,法国14号中场,31,,57,7,Milan,False,https://images.fotmob.com/image_resources/playerimages/352879.png,fotmob,https://www.fotmob.com/players/352879
I,France,15,DF,Ibrahima Konaté,法国15号后卫,27,,27,0,Liverpool,False,https://images.fotmob.com/image_resources/playerimages/820140.png,fotmob,https://www.fotmob.com/players/820140
I,France,16,GK,Mike Maignan,迈克·迈尼昂,30,,38,0,Milan,False,https://images.fotmob.com/image_resources/playerimages/466439.png,fotmob,https://www.fotmob.com/players/466439
I,France,17,DF,William Saliba,威廉·萨利巴,25,,31,0,Arsenal,False,https://images.fotmob.com/image_resources/playerimages/955406.png,fotmob,https://www.fotmob.com/players/955406
I,France,18,MF,Warren Zaïre-Emery,法国18号中场,20,,10,1,Paris Saint-Germain,False,https://images.fotmob.com/image_resources/playerimages/1367615.png,fotmob,https://www.fotmob.com/players/1367615
I,France,19,DF,Théo Hernandez,法国19号后卫,28,,42,2,Al-Hilal,False,https://images.fotmob.com/image_resources/playerimages/724371.png,fotmob,https://www.fotmob.com/players/724371
I,France,20,FW,Désiré Doué,法国20号前锋,21,,6,2,Paris Saint-Germain,False,https://images.fotmob.com/image_resources/playerimages/1339208.png,fotmob,https://www.fotmob.com/players/1339208
I,France,21,DF,Lucas Hernandez,法国21号后卫,30,,41,0,Paris Saint-Germain,False,https://images.fotmob.com/image_resources/playerimages/504606.png,fotmob,https://www.fotmob.com/players/504606
I,France,22,FW,Jean-Philippe Mateta,法国22号前锋,28,,3,2,Crystal Palace,False,https://images.fotmob.com/image_resources/playerimages/706297.png,fotmob,https://www.fotmob.com/players/706297
I,France,23,GK,Robin Risser,法国23号门将,21,,0,0,Lens,False,https://images.fotmob.com/image_resources/playerimages/1390336.png,fotmob,https://www.fotmob.com/players/1390336
I,France,24,MF,Rayan Cherki,法国24号中场,22,,5,1,Manchester City,False,https://images.fotmob.com/image_resources/playerimages/1104053.png,fotmob,https://www.fotmob.com/players/1104053
I,France,25,MF,Maghnes Akliouche,法国25号中场,24,,7,1,Monaco,False,https://images.fotmob.com/image_resources/playerimages/1305618.png,fotmob,https://www.fotmob.com/players/1305618
I,France,26,DF,Maxence Lacroix,法国26号后卫,26,,2,0,Crystal Palace,False,https://images.fotmob.com/image_resources/playerimages/950485.png,fotmob,https://www.fotmob.com/players/950485
I,Senegal,1,GK,Yehvann Diouf,塞内加尔1号门将,26,,2,0,Nice,False,https://images.fotmob.com/image_resources/playerimages/766574.png,fotmob,https://www.fotmob.com/players/766574
I,Senegal,2,DF,Mamadou Sarr,塞内加尔2号后卫,20,,7,0,Chelsea,False,https://images.fotmob.com/image_resources/playerimages/1426170.png,fotmob,https://www.fotmob.com/players/1426170
I,Senegal,3,DF,Kalidou Koulibaly,卡利杜·库利巴利,34,,102,2,Al-Hilal,True,https://images.fotmob.com/image_resources/playerimages/210428.png,fotmob,https://www.fotmob.com/players/210428
I,Senegal,4,DF,Abdoulaye Seck,塞内加尔4号后卫,34,,22,4,Maccabi Haifa,False,https://images.fotmob.com/image_resources/playerimages/588626.png,fotmob,https://www.fotmob.com/players/588626
I,Senegal,5,MF,Idrissa Gueye,塞内加尔5号中场,36,,130,7,Everton,False,https://images.fotmob.com/image_resources/playerimages/1532261.png,fotmob,https://www.fotmob.com/players/1532261
I,Senegal,6,MF,Pathé Ciss,塞内加尔6号中场,32,,29,0,Rayo Vallecano,False,https://images.fotmob.com/image_resources/playerimages/872396.png,fotmob,https://www.fotmob.com/players/872396
I,Senegal,7,FW,Assane Diao,塞内加尔7号前锋,20,,5,0,Como,False,https://images.fotmob.com/image_resources/playerimages/1434889.png,fotmob,https://www.fotmob.com/players/1434889
I,Senegal,8,MF,Lamine Camara,塞内加尔8号中场,22,,32,7,Monaco,False,https://images.fotmob.com/image_resources/playerimages/1436305.png,fotmob,https://www.fotmob.com/players/1436305
I,Senegal,9,FW,Bamba Dieng,塞内加尔9号前锋,26,,22,2,Lorient,False,https://images.fotmob.com/image_resources/playerimages/1230848.png,fotmob,https://www.fotmob.com/players/1230848
I,Senegal,10,FW,Sadio Mané,萨迪奥·马内,34,,127,55,Al-Nassr,False,https://images.fotmob.com/image_resources/playerimages/303339.png,fotmob,https://www.fotmob.com/players/303339
I,Senegal,11,FW,Nicolas Jackson,塞内加尔11号前锋,24,,32,8,Bayern Munich,False,https://images.fotmob.com/image_resources/playerimages/1197347.png,fotmob,https://www.fotmob.com/players/1197347
I,Senegal,12,FW,Cherif Ndiaye,塞内加尔12号前锋,30,,18,4,Samsunspor,False,https://images.fotmob.com/image_resources/playerimages/819972.png,fotmob,https://www.fotmob.com/players/819972
I,Senegal,13,FW,Iliman Ndiaye,塞内加尔13号前锋,26,,39,4,Everton,False,https://images.fotmob.com/image_resources/playerimages/965764.png,fotmob,https://www.fotmob.com/players/965764
I,Senegal,14,DF,Ismail Jakobs,塞内加尔14号后卫,26,,29,0,Galatasaray,False,https://images.fotmob.com/image_resources/playerimages/906945.png,fotmob,https://www.fotmob.com/players/906945
I,Senegal,15,DF,Krépin Diatta,塞内加尔15号后卫,27,,60,2,Monaco,False,https://images.fotmob.com/image_resources/playerimages/837061.png,fotmob,https://www.fotmob.com/players/837061
I,Senegal,16,GK,Édouard Mendy,爱德华·门迪,34,,56,0,Al-Ahli,False,https://images.fotmob.com/image_resources/playerimages/773229.png,fotmob,https://www.fotmob.com/players/773229
I,Senegal,17,MF,Pape Matar Sarr,塞内加尔17号中场,23,,39,4,Tottenham Hotspur,False,https://commons.wikimedia.org/wiki/Special:FilePath/RC%20Lens%20-%20FC%20Metz%20%2814-03-2021%29%2037.jpg,wikidata,
I,Senegal,18,FW,Ismaïla Sarr,塞内加尔18号前锋,28,,82,19,Crystal Palace,False,https://images.fotmob.com/image_resources/playerimages/771294.png,fotmob,https://www.fotmob.com/players/771294
I,Senegal,19,DF,Moussa Niakhaté,塞内加尔19号后卫,30,,30,0,Lyon,False,https://images.fotmob.com/image_resources/playerimages/592102.png,fotmob,https://www.fotmob.com/players/592102
I,Senegal,20,FW,Ibrahim Mbaye,塞内加尔20号前锋,18,,10,3,Paris Saint-Germain,False,https://images.fotmob.com/image_resources/playerimages/1593857.png,fotmob,https://www.fotmob.com/players/1593857
I,Senegal,21,MF,Habib Diarra,塞内加尔21号中场,22,,20,4,Sunderland,False,https://images.fotmob.com/image_resources/playerimages/1285866.png,fotmob,https://www.fotmob.com/players/1285866
I,Senegal,22,MF,Bara Sapoko Ndiaye,塞内加尔22号中场,18,,1,0,Bayern Munich,False,,,
I,Senegal,23,GK,Mory Diaw,塞内加尔23号门将,32,,5,0,Le Havre,False,https://images.fotmob.com/image_resources/playerimages/466436.png,fotmob,https://www.fotmob.com/players/466436
I,Senegal,24,DF,Antoine Mendy,塞内加尔24号后卫,22,,6,0,Nice,False,https://images.fotmob.com/image_resources/playerimages/1254147.png,fotmob,https://www.fotmob.com/players/1254147
I,Senegal,25,DF,El Hadji Malick Diouf,塞内加尔25号后卫,21,,19,1,West Ham United,False,,,
I,Senegal,26,MF,Pape Gueye,塞内加尔26号中场,27,,41,5,Villarreal,False,https://images.fotmob.com/image_resources/playerimages/844544.png,fotmob,https://www.fotmob.com/players/844544
I,Norway,1,GK,Ørjan Nyland,挪威1号门将,35,,70,0,Sevilla,False,https://commons.wikimedia.org/wiki/Special:FilePath/Norway%20Italy%20-%20June%202025%20A%2010%20%28cropped%29.jpg,wikidata,
I,Norway,2,MF,Morten Thorsby,挪威2号中场,30,,31,0,Cremonese,False,https://images.fotmob.com/image_resources/playerimages/439148.png,fotmob,https://www.fotmob.com/players/439148
I,Norway,3,DF,Kristoffer Ajer,挪威3号后卫,28,,51,2,Brentford,False,https://images.fotmob.com/image_resources/playerimages/552718.png,fotmob,https://www.fotmob.com/players/552718
I,Norway,4,DF,Leo Østigård,挪威4号后卫,26,,37,1,Genoa,False,https://images.fotmob.com/image_resources/playerimages/740944.png,fotmob,https://www.fotmob.com/players/740944
I,Norway,5,DF,David Møller Wolfe,挪威5号后卫,24,,21,1,Wolverhampton Wanderers,False,https://images.fotmob.com/image_resources/playerimages/1049679.png,fotmob,https://www.fotmob.com/players/1049679
I,Norway,6,MF,Patrick Berg,挪威6号中场,28,,42,0,Bodø/Glimt,False,https://images.fotmob.com/image_resources/playerimages/530635.png,fotmob,https://www.fotmob.com/players/530635
I,Norway,7,FW,Alexander Sørloth,挪威7号前锋,30,,71,26,Atlético Madrid,False,https://images.fotmob.com/image_resources/playerimages/440330.png,fotmob,https://www.fotmob.com/players/440330
I,Norway,8,MF,Sander Berge,挪威8号中场,28,,65,1,Fulham,False,https://images.fotmob.com/image_resources/playerimages/540963.png,fotmob,https://www.fotmob.com/players/540963
I,Norway,9,FW,Erling Haaland,埃尔林·哈兰德,25,,49,55,Manchester City,False,https://images.fotmob.com/image_resources/playerimages/737066.png,fotmob,https://www.fotmob.com/players/737066
I,Norway,10,MF,Martin Ødegaard,挪威10号中场,27,,67,4,Arsenal,True,https://images.fotmob.com/image_resources/playerimages/534670.png,fotmob,https://www.fotmob.com/players/534670
I,Norway,11,FW,Jørgen Strand Larsen,挪威11号前锋,26,,27,6,Crystal Palace,False,https://images.fotmob.com/image_resources/playerimages/821100.png,fotmob,https://www.fotmob.com/players/821100
I,Norway,12,GK,Sander Tangvik,挪威12号门将,23,,0,0,Hamburger SV,False,https://images.fotmob.com/image_resources/playerimages/1145714.png,fotmob,https://www.fotmob.com/players/1145714
I,Norway,13,GK,Egil Selvik,挪威13号门将,28,,6,0,Watford,False,https://images.fotmob.com/image_resources/playerimages/631757.png,fotmob,https://www.fotmob.com/players/631757
I,Norway,14,MF,Fredrik Aursnes,挪威14号中场,30,,21,1,Benfica,False,https://images.fotmob.com/image_resources/playerimages/310768.png,fotmob,https://www.fotmob.com/players/310768
I,Norway,15,DF,Fredrik André Bjørkan,挪威15号后卫,27,,20,1,Bodø/Glimt,False,https://images.fotmob.com/image_resources/playerimages/630228.png,fotmob,https://www.fotmob.com/players/630228
I,Norway,16,DF,Marcus Holmgren Pedersen,挪威16号后卫,25,,32,0,Torino,False,https://images.fotmob.com/image_resources/playerimages/935622.png,fotmob,https://www.fotmob.com/players/935622
I,Norway,17,DF,Torbjørn Heggem,挪威17号后卫,27,,14,0,Bologna,False,https://images.fotmob.com/image_resources/playerimages/935550.png,fotmob,https://www.fotmob.com/players/935550
I,Norway,18,MF,Kristian Thorstvedt,挪威18号中场,27,,36,4,Sassuolo,False,https://images.fotmob.com/image_resources/playerimages/921921.png,fotmob,https://www.fotmob.com/players/921921
I,Norway,19,MF,Thelo Aasgaard,挪威19号中场,24,,7,5,Rangers,False,https://images.fotmob.com/image_resources/playerimages/1184468.png,fotmob,https://www.fotmob.com/players/1184468
I,Norway,20,FW,Antonio Nusa,挪威20号前锋,21,,23,8,RB Leipzig,False,https://images.fotmob.com/image_resources/playerimages/1248482.png,fotmob,https://www.fotmob.com/players/1248482
I,Norway,21,MF,Andreas Schjelderup,挪威21号中场,22,,11,1,Benfica,False,https://images.fotmob.com/image_resources/playerimages/1228558.png,fotmob,https://www.fotmob.com/players/1228558
I,Norway,22,MF,Oscar Bobb,挪威22号中场,22,,19,2,Fulham,False,https://images.fotmob.com/image_resources/playerimages/1113790.png,fotmob,https://www.fotmob.com/players/1113790
I,Norway,23,MF,Jens Petter Hauge,挪威23号中场,26,,15,1,Bodø/Glimt,False,https://images.fotmob.com/image_resources/playerimages/741397.png,fotmob,https://www.fotmob.com/players/741397
I,Norway,24,DF,Sondre Langås,挪威24号后卫,25,,3,0,Derby County,False,https://commons.wikimedia.org/wiki/Special:FilePath/Sondre%20Lang%C3%A5s%2025042026%20%281%29.jpg,wikidata,
I,Norway,25,DF,Henrik Falchener,挪威25号后卫,23,,1,0,Viking,False,https://images.fotmob.com/image_resources/playerimages/1110550.png,fotmob,https://www.fotmob.com/players/1110550
I,Norway,26,FW,Julian Ryerson,挪威26号前锋,28,,42,1,Borussia Dortmund,False,https://images.fotmob.com/image_resources/playerimages/659272.png,fotmob,https://www.fotmob.com/players/659272
I,Iraq,1,GK,Fahad Talib,伊拉克1号门将,31,,21,0,Al-Talaba,False,https://images.fotmob.com/image_resources/playerimages/533495.png,fotmob,https://www.fotmob.com/players/533495
I,Iraq,2,DF,Rebin Sulaka,伊拉克2号后卫,34,,54,1,Port,False,https://images.fotmob.com/image_resources/playerimages/502481.png,fotmob,https://www.fotmob.com/players/502481
I,Iraq,3,DF,Hussein Ali,伊拉克3号后卫,24,,25,1,Pogoń Szczecin,False,https://images.fotmob.com/image_resources/playerimages/1092563.png,fotmob,https://www.fotmob.com/players/1092563
I,Iraq,4,DF,Zaid Tahseen,伊拉克4号后卫,25,,26,1,Pakhtakor,False,https://images.fotmob.com/image_resources/playerimages/1420369.png,fotmob,https://www.fotmob.com/players/1420369
I,Iraq,5,DF,Akam Hashim,伊拉克5号后卫,27,,12,1,Al-Zawraa,False,https://images.fotmob.com/image_resources/playerimages/1606279.png,fotmob,https://www.fotmob.com/players/1606279
I,Iraq,6,DF,Manaf Younis,伊拉克6号后卫,29,,32,1,Al-Shorta,False,https://images.fotmob.com/image_resources/playerimages/1333336.png,fotmob,https://www.fotmob.com/players/1333336
I,Iraq,7,MF,Youssef Amyn,伊拉克7号中场,22,,25,2,AEK Larnaca,False,https://images.fotmob.com/image_resources/playerimages/1235623.png,fotmob,https://www.fotmob.com/players/1235623
I,Iraq,8,MF,Ibrahim Bayesh,伊拉克8号中场,26,,74,8,Al Dhafra,False,https://images.fotmob.com/image_resources/playerimages/942834.png,fotmob,https://www.fotmob.com/players/942834
I,Iraq,9,FW,Ali Al-Hamadi,伊拉克9号前锋,24,,18,5,Luton Town,False,https://images.fotmob.com/image_resources/playerimages/1113688.png,fotmob,https://www.fotmob.com/players/1113688
I,Iraq,10,FW,Mohanad Ali,伊拉克10号前锋,25,,71,27,Dibba,False,https://images.fotmob.com/image_resources/playerimages/926484.png,fotmob,https://www.fotmob.com/players/926484
I,Iraq,11,FW,Ahmed Qasem,伊拉克11号前锋,22,,1,0,Nashville SC,False,https://images.fotmob.com/image_resources/playerimages/1224691.png,fotmob,https://www.fotmob.com/players/1224691
I,Iraq,12,GK,Jalal Hassan,伊拉克12号门将,35,,100,0,Al-Zawraa,True,https://images.fotmob.com/image_resources/playerimages/578761.png,fotmob,https://www.fotmob.com/players/578761
I,Iraq,13,FW,Ali Yousif,伊拉克13号前锋,30,,6,1,Al-Talaba,False,https://images.fotmob.com/image_resources/playerimages/1132572.png,fotmob,https://www.fotmob.com/players/1132572
I,Iraq,14,MF,Zidane Iqbal,伊拉克14号中场,23,,23,2,Utrecht,False,https://images.fotmob.com/image_resources/playerimages/1138592.png,fotmob,https://www.fotmob.com/players/1138592
I,Iraq,15,DF,Ahmed Yahya,伊拉克15号后卫,30,,19,0,Al-Shorta,False,https://images.fotmob.com/image_resources/playerimages/1452775.png,fotmob,https://www.fotmob.com/players/1452775
I,Iraq,16,MF,Amir Al-Ammari,伊拉克16号中场,28,,49,3,Cracovia,False,https://images.fotmob.com/image_resources/playerimages/858340.png,fotmob,https://www.fotmob.com/players/858340
I,Iraq,17,FW,Ali Jasim,伊拉克17号前锋,22,,35,2,Al-Najma,False,https://images.fotmob.com/image_resources/playerimages/1478238.png,fotmob,https://www.fotmob.com/players/1478238
I,Iraq,18,FW,Aymen Hussein,伊拉克18号前锋,30,,93,33,Al-Karma,False,https://commons.wikimedia.org/wiki/Special:FilePath/4822953%20AE7I9053%20%28cropped2%29.jpg,wikidata,
I,Iraq,19,MF,Kevin Yakob,伊拉克19号中场,25,,7,0,AGF,False,https://images.fotmob.com/image_resources/playerimages/941579.png,fotmob,https://www.fotmob.com/players/941579
I,Iraq,20,MF,Aimar Sher,伊拉克20号中场,23,,6,0,Sarpsborg 08,False,https://images.fotmob.com/image_resources/playerimages/1042511.png,fotmob,https://www.fotmob.com/players/1042511
I,Iraq,21,FW,Marko Farji,伊拉克21号前锋,22,,10,0,Venezia,False,https://images.fotmob.com/image_resources/playerimages/1162514.png,fotmob,https://www.fotmob.com/players/1162514
I,Iraq,22,GK,Ahmed Basil,伊拉克22号门将,29,,14,0,Al-Shorta,False,https://images.fotmob.com/image_resources/playerimages/1132570.png,fotmob,https://www.fotmob.com/players/1132570
I,Iraq,23,DF,Merchas Doski,伊拉克23号后卫,26,,30,0,Viktoria Plzeň,False,https://images.fotmob.com/image_resources/playerimages/1199113.png,fotmob,https://www.fotmob.com/players/1199113
I,Iraq,24,MF,Zaid Ismail,伊拉克24号中场,24,,5,0,Al-Talaba,False,https://images.fotmob.com/image_resources/playerimages/1642820.png,fotmob,https://www.fotmob.com/players/1642820
I,Iraq,25,DF,Mustafa Saadoon,伊拉克25号后卫,25,,15,0,Al-Shorta,False,https://images.fotmob.com/image_resources/playerimages/1554123.png,fotmob,https://www.fotmob.com/players/1554123
I,Iraq,26,DF,Frans Putros,伊拉克26号后卫,32,,26,0,Persib,False,https://images.fotmob.com/image_resources/playerimages/320139.png,fotmob,https://www.fotmob.com/players/320139
J,Argentina,1,GK,Juan Musso,阿根廷1号门将,32,,3,0,Atlético Madrid,False,https://images.fotmob.com/image_resources/playerimages/389050.png,fotmob,https://www.fotmob.com/players/389050
J,Argentina,2,DF,Leonardo Balerdi,阿根廷2号后卫,27,,11,0,Marseille,False,https://images.fotmob.com/image_resources/playerimages/958464.png,fotmob,https://www.fotmob.com/players/958464
J,Argentina,3,DF,Nicolás Tagliafico,阿根廷3号后卫,33,,75,1,Lyon,False,https://images.fotmob.com/image_resources/playerimages/195750.png,fotmob,https://www.fotmob.com/players/195750
J,Argentina,4,DF,Gonzalo Montiel,阿根廷4号后卫,29,,38,2,River Plate,False,https://images.fotmob.com/image_resources/playerimages/687008.png,fotmob,https://www.fotmob.com/players/687008
J,Argentina,5,MF,Leandro Paredes,阿根廷5号中场,31,,77,5,Boca Juniors,False,https://images.fotmob.com/image_resources/playerimages/237606.png,fotmob,https://www.fotmob.com/players/237606
J,Argentina,6,DF,Lisandro Martínez,阿根廷6号后卫,28,,26,1,Manchester United,False,https://images.fotmob.com/image_resources/playerimages/847983.png,fotmob,https://www.fotmob.com/players/847983
J,Argentina,7,MF,Rodrigo De Paul,阿根廷7号中场,32,,85,2,Inter Miami CF,False,https://images.fotmob.com/image_resources/playerimages/324578.png,fotmob,https://www.fotmob.com/players/324578
J,Argentina,8,MF,Valentín Barco,阿根廷8号中场,21,,2,1,Strasbourg,False,https://images.fotmob.com/image_resources/playerimages/1272440.png,fotmob,https://www.fotmob.com/players/1272440
J,Argentina,9,FW,Julián Alvarez,阿根廷9号前锋,26,,51,14,Atlético Madrid,False,https://images.fotmob.com/image_resources/playerimages/974753.png,fotmob,https://www.fotmob.com/players/974753
J,Argentina,10,FW,Lionel Messi,利昂内尔·梅西,38,,198,116,Inter Miami CF,True,https://images.fotmob.com/image_resources/playerimages/30981.png,fotmob,https://www.fotmob.com/players/30981
J,Argentina,11,MF,Giovani Lo Celso,阿根廷11号中场,30,,65,4,Real Betis,False,https://images.fotmob.com/image_resources/playerimages/604126.png,fotmob,https://www.fotmob.com/players/604126
J,Argentina,12,GK,Gerónimo Rulli,阿根廷12号门将,34,,7,0,Marseille,False,https://images.fotmob.com/image_resources/playerimages/245555.png,fotmob,https://www.fotmob.com/players/245555
J,Argentina,13,DF,Cristian Romero,阿根廷13号后卫,28,,49,3,Tottenham Hotspur,False,https://images.fotmob.com/image_resources/playerimages/789066.png,fotmob,https://www.fotmob.com/players/789066
J,Argentina,14,MF,Exequiel Palacios,阿根廷14号中场,27,,38,0,Bayer Leverkusen,False,https://images.fotmob.com/image_resources/playerimages/693599.png,fotmob,https://www.fotmob.com/players/693599
J,Argentina,15,MF,Nicolás González,阿根廷15号中场,28,,50,6,Atlético Madrid,False,https://images.fotmob.com/image_resources/playerimages/841672.png,fotmob,https://www.fotmob.com/players/841672
J,Argentina,16,FW,Thiago Almada,阿根廷16号前锋,25,,14,4,Atlético Madrid,False,https://images.fotmob.com/image_resources/playerimages/955271.png,fotmob,https://www.fotmob.com/players/955271
J,Argentina,17,FW,Giuliano Simeone,阿根廷17号前锋,23,,11,1,Atlético Madrid,False,https://images.fotmob.com/image_resources/playerimages/1226147.png,fotmob,https://www.fotmob.com/players/1226147
J,Argentina,18,FW,Nico Paz,阿根廷18号前锋,21,,8,1,Como,False,https://images.fotmob.com/image_resources/playerimages/1347574.png,fotmob,https://www.fotmob.com/players/1347574
J,Argentina,19,DF,Nicolás Otamendi,阿根廷19号后卫,38,,130,8,Benfica,False,https://images.fotmob.com/image_resources/playerimages/174321.png,fotmob,https://www.fotmob.com/players/174321
J,Argentina,20,MF,Alexis Mac Allister,阿根廷20号中场,27,,44,6,Liverpool,False,https://images.fotmob.com/image_resources/playerimages/831489.png,fotmob,https://www.fotmob.com/players/831489
J,Argentina,21,FW,José Manuel López,阿根廷21号前锋,25,,3,0,Palmeiras,False,https://images.fotmob.com/image_resources/playerimages/1216079.png,fotmob,https://www.fotmob.com/players/1216079
J,Argentina,22,FW,Lautaro Martínez,阿根廷22号前锋,28,,75,36,Inter Milan,False,https://images.fotmob.com/image_resources/playerimages/690230.png,fotmob,https://www.fotmob.com/players/690230
J,Argentina,23,GK,Emiliano Martínez,阿根廷23号门将,33,,59,0,Aston Villa,False,https://images.fotmob.com/image_resources/playerimages/268375.png,fotmob,https://www.fotmob.com/players/268375
J,Argentina,24,MF,Enzo Fernández,阿根廷24号中场,25,,40,6,Chelsea,False,https://images.fotmob.com/image_resources/playerimages/1137705.png,fotmob,https://www.fotmob.com/players/1137705
J,Argentina,25,DF,Facundo Medina,阿根廷25号后卫,27,,7,0,Marseille,False,https://images.fotmob.com/image_resources/playerimages/812652.png,fotmob,https://www.fotmob.com/players/812652
J,Argentina,26,DF,Nahuel Molina,阿根廷26号后卫,28,,58,1,Atlético Madrid,False,https://images.fotmob.com/image_resources/playerimages/726345.png,fotmob,https://www.fotmob.com/players/726345
J,Algeria,1,GK,Melvin Mastil,阿尔及利亚1号门将,26,,1,0,Stade Nyonnais,False,https://images.fotmob.com/image_resources/playerimages/1285492.png,fotmob,https://www.fotmob.com/players/1285492
J,Algeria,2,DF,Aïssa Mandi,阿尔及利亚2号后卫,34,,117,7,Lille,False,https://images.fotmob.com/image_resources/playerimages/210683.png,fotmob,https://www.fotmob.com/players/210683
J,Algeria,3,DF,Achref Abada,阿尔及利亚3号后卫,26,,7,1,USM Alger,False,https://images.fotmob.com/image_resources/playerimages/1362385.png,fotmob,https://www.fotmob.com/players/1362385
J,Algeria,4,DF,Mohamed Amine Tougai,阿尔及利亚4号后卫,26,,29,2,Espérance de Tunis,False,https://commons.wikimedia.org/wiki/Special:FilePath/Mohamed%20Amine%20Tougai.jpg,wikidata,
J,Algeria,5,DF,Zineddine Belaïd,阿尔及利亚5号后卫,27,,10,1,JS Kabylie,False,https://images.fotmob.com/image_resources/playerimages/1118823.png,fotmob,https://www.fotmob.com/players/1118823
J,Algeria,6,MF,Ramiz Zerrouki,阿尔及利亚6号中场,28,,52,3,Twente,False,https://images.fotmob.com/image_resources/playerimages/1074967.png,fotmob,https://www.fotmob.com/players/1074967
J,Algeria,7,FW,Riyad Mahrez,阿尔及利亚7号前锋,35,,114,38,Al-Ahli,True,https://images.fotmob.com/image_resources/playerimages/278343.png,fotmob,https://www.fotmob.com/players/278343
J,Algeria,8,MF,Houssem Aouar,阿尔及利亚8号中场,27,,20,6,Al-Ittihad,False,https://images.fotmob.com/image_resources/playerimages/776299.png,fotmob,https://www.fotmob.com/players/776299
J,Algeria,9,FW,Amine Gouiri,阿尔及利亚9号前锋,26,,22,8,Marseille,False,https://images.fotmob.com/image_resources/playerimages/844437.png,fotmob,https://www.fotmob.com/players/844437
J,Algeria,10,MF,Farès Chaïbi,阿尔及利亚10号中场,23,,29,3,Eintracht Frankfurt,False,https://images.fotmob.com/image_resources/playerimages/1345875.png,fotmob,https://www.fotmob.com/players/1345875
J,Algeria,11,FW,Anis Hadj Moussa,阿尔及利亚11号前锋,24,,14,1,Feyenoord,False,https://images.fotmob.com/image_resources/playerimages/1576876.png,fotmob,https://www.fotmob.com/players/1576876
J,Algeria,12,FW,Nadhir Benbouali,阿尔及利亚12号前锋,26,,3,1,Győri ETO,False,https://images.fotmob.com/image_resources/playerimages/1210929.png,fotmob,https://www.fotmob.com/players/1210929
J,Algeria,13,DF,Jaouen Hadjam,阿尔及利亚13号后卫,23,,17,3,Young Boys,False,https://images.fotmob.com/image_resources/playerimages/1178324.png,fotmob,https://www.fotmob.com/players/1178324
J,Algeria,14,MF,Hicham Boudaoui,阿尔及利亚14号中场,26,,32,0,Nice,False,https://images.fotmob.com/image_resources/playerimages/1033099.png,fotmob,https://www.fotmob.com/players/1033099
J,Algeria,15,DF,Rayan Aït-Nouri,阿尔及利亚15号后卫,25,,28,0,Manchester City,False,https://images.fotmob.com/image_resources/playerimages/933845.png,fotmob,https://www.fotmob.com/players/933845
J,Algeria,16,GK,Oussama Benbot,阿尔及利亚16号门将,31,,2,0,USM Alger,False,https://images.fotmob.com/image_resources/playerimages/1116034.png,fotmob,https://www.fotmob.com/players/1116034
J,Algeria,17,DF,Rafik Belghali,阿尔及利亚17号后卫,24,,12,1,Hellas Verona,False,https://images.fotmob.com/image_resources/playerimages/1231029.png,fotmob,https://www.fotmob.com/players/1231029
J,Algeria,18,FW,Mohamed Amoura,阿尔及利亚18号前锋,26,,45,19,VfL Wolfsburg,False,https://images.fotmob.com/image_resources/playerimages/1134206.png,fotmob,https://www.fotmob.com/players/1134206
J,Algeria,19,MF,Nabil Bentaleb,阿尔及利亚19号中场,31,,59,6,Lille,False,https://images.fotmob.com/image_resources/playerimages/500520.png,fotmob,https://www.fotmob.com/players/500520
J,Algeria,20,FW,Adil Boulbina,阿尔及利亚20号前锋,23,,11,6,Al-Duhail,False,https://images.fotmob.com/image_resources/playerimages/1298669.png,fotmob,https://www.fotmob.com/players/1298669
J,Algeria,21,DF,Ramy Bensebaini,阿尔及利亚21号后卫,31,,81,7,Borussia Dortmund,False,https://images.fotmob.com/image_resources/playerimages/559065.png,fotmob,https://www.fotmob.com/players/559065
J,Algeria,22,MF,Ibrahim Maza,阿尔及利亚22号中场,20,,16,2,Bayer Leverkusen,False,https://images.fotmob.com/image_resources/playerimages/1457626.png,fotmob,https://www.fotmob.com/players/1457626
J,Algeria,23,GK,Luca Zidane,阿尔及利亚23号门将,28,,7,0,Granada,False,https://images.fotmob.com/image_resources/playerimages/770880.png,fotmob,https://www.fotmob.com/players/770880
J,Algeria,24,MF,Yacine Titraoui,阿尔及利亚24号中场,22,,5,0,Charleroi,False,https://images.fotmob.com/image_resources/playerimages/1288907.png,fotmob,https://www.fotmob.com/players/1288907
J,Algeria,25,FW,Farès Ghedjemis,阿尔及利亚25号前锋,23,,1,1,Frosinone,False,https://images.fotmob.com/image_resources/playerimages/1523327.png,fotmob,https://www.fotmob.com/players/1523327
J,Algeria,26,DF,Samir Chergui,阿尔及利亚26号后卫,27,,4,0,Paris FC,False,https://images.fotmob.com/image_resources/playerimages/1039219.png,fotmob,https://www.fotmob.com/players/1039219
J,Austria,1,GK,Alexander Schlager,奥地利1号门将,30,,25,0,Red Bull Salzburg,False,https://images.fotmob.com/image_resources/playerimages/450739.png,fotmob,https://www.fotmob.com/players/450739
J,Austria,2,DF,David Affengruber,奥地利2号后卫,25,,1,0,Elche,False,https://images.fotmob.com/image_resources/playerimages/1073980.png,fotmob,https://www.fotmob.com/players/1073980
J,Austria,3,DF,Kevin Danso,奥地利3号后卫,27,,31,0,Tottenham Hotspur,False,https://images.fotmob.com/image_resources/playerimages/754126.png,fotmob,https://www.fotmob.com/players/754126
J,Austria,4,MF,Xaver Schlager,奥地利4号中场,28,,50,4,RB Leipzig,False,https://images.fotmob.com/image_resources/playerimages/620027.png,fotmob,https://www.fotmob.com/players/620027
J,Austria,5,DF,Stefan Posch,奥地利5号后卫,29,,51,5,Mainz 05,False,https://images.fotmob.com/image_resources/playerimages/557325.png,fotmob,https://www.fotmob.com/players/557325
J,Austria,6,MF,Nicolas Seiwald,奥地利6号中场,25,,46,1,RB Leipzig,False,https://images.fotmob.com/image_resources/playerimages/1024672.png,fotmob,https://www.fotmob.com/players/1024672
J,Austria,7,FW,Marko Arnautović,奥地利7号前锋,37,,132,47,Red Star Belgrade,False,https://images.fotmob.com/image_resources/playerimages/110148.png,fotmob,https://www.fotmob.com/players/110148
J,Austria,8,DF,David Alaba,奥地利8号后卫,33,,112,15,Real Madrid,True,https://images.fotmob.com/image_resources/playerimages/121633.png,fotmob,https://www.fotmob.com/players/121633
J,Austria,9,MF,Marcel Sabitzer,奥地利9号中场,32,,97,25,Borussia Dortmund,False,https://images.fotmob.com/image_resources/playerimages/215151.png,fotmob,https://www.fotmob.com/players/215151
J,Austria,10,MF,Florian Grillitsch,奥地利10号中场,30,,58,1,Braga,False,https://images.fotmob.com/image_resources/playerimages/617044.png,fotmob,https://www.fotmob.com/players/617044
J,Austria,11,FW,Michael Gregoritsch,奥地利11号前锋,32,,74,24,FC Augsburg,False,https://images.fotmob.com/image_resources/playerimages/198316.png,fotmob,https://www.fotmob.com/players/198316
J,Austria,12,GK,Florian Wiegele,奥地利12号门将,25,,1,0,Viktoria Plzeň,False,https://images.fotmob.com/image_resources/playerimages/1514693.png,fotmob,https://www.fotmob.com/players/1514693
J,Austria,13,GK,Patrick Pentz,奥地利13号门将,29,,18,0,Brøndby,False,https://images.fotmob.com/image_resources/playerimages/630672.png,fotmob,https://www.fotmob.com/players/630672
J,Austria,14,FW,Saša Kalajdžić,奥地利14号前锋,28,,21,4,LASK,False,https://images.fotmob.com/image_resources/playerimages/858198.png,fotmob,https://www.fotmob.com/players/858198
J,Austria,15,DF,Philipp Lienhart,奥地利15号后卫,29,,40,3,SC Freiburg,False,https://images.fotmob.com/image_resources/playerimages/643724.png,fotmob,https://www.fotmob.com/players/643724
J,Austria,16,DF,Phillipp Mwene,奥地利16号后卫,32,,29,0,Mainz 05,False,https://images.fotmob.com/image_resources/playerimages/423812.png,fotmob,https://www.fotmob.com/players/423812
J,Austria,17,MF,Carney Chukwuemeka,奥地利17号中场,22,,2,1,Borussia Dortmund,False,https://images.fotmob.com/image_resources/playerimages/1089685.png,fotmob,https://www.fotmob.com/players/1089685
J,Austria,18,MF,Romano Schmid,奥地利18号中场,26,,33,3,Werder Bremen,False,https://images.fotmob.com/image_resources/playerimages/749488.png,fotmob,https://www.fotmob.com/players/749488
J,Austria,19,MF,Christoph Baumgartner,奥地利19号中场,26,,58,19,RB Leipzig,False,https://images.fotmob.com/image_resources/playerimages/747718.png,fotmob,https://www.fotmob.com/players/747718
J,Austria,20,MF,Konrad Laimer,奥地利20号中场,29,,56,7,Bayern Munich,False,https://images.fotmob.com/image_resources/playerimages/526827.png,fotmob,https://www.fotmob.com/players/526827
J,Austria,21,MF,Patrick Wimmer,奥地利21号中场,25,,30,1,VfL Wolfsburg,False,https://images.fotmob.com/image_resources/playerimages/1073498.png,fotmob,https://www.fotmob.com/players/1073498
J,Austria,22,DF,Alexander Prass,奥地利22号后卫,25,,18,0,TSG Hoffenheim,False,https://images.fotmob.com/image_resources/playerimages/1027194.png,fotmob,https://www.fotmob.com/players/1027194
J,Austria,23,DF,Marco Friedl,奥地利23号后卫,28,,10,0,Werder Bremen,False,https://images.fotmob.com/image_resources/playerimages/767789.png,fotmob,https://www.fotmob.com/players/767789
J,Austria,24,MF,Paul Wanner,奥地利24号中场,20,,2,0,PSV Eindhoven,False,https://images.fotmob.com/image_resources/playerimages/1327149.png,fotmob,https://www.fotmob.com/players/1327149
J,Austria,25,DF,Michael Svoboda,奥地利25号后卫,27,,4,0,Venezia,False,https://images.fotmob.com/image_resources/playerimages/951921.png,fotmob,https://www.fotmob.com/players/951921
J,Austria,26,MF,Alessandro Schöpf,奥地利26号中场,32,,35,6,Wolfsberger AC,False,https://images.fotmob.com/image_resources/playerimages/461357.png,fotmob,https://www.fotmob.com/players/461357
J,Jordan,1,GK,Yazeed Abulaila,约旦1号门将,33,,75,0,Al-Hussein,False,https://images.fotmob.com/image_resources/playerimages/734654.png,fotmob,https://www.fotmob.com/players/734654
J,Jordan,2,DF,Mohammad Abu Hashish,约旦2号后卫,31,,55,1,Al-Karma,False,https://commons.wikimedia.org/wiki/Special:FilePath/Mohammad%20Abu%20Hashish.png,wikidata,
J,Jordan,3,DF,Abdallah Nasib,约旦3号后卫,32,,64,3,Al-Zawraa,False,https://images.fotmob.com/image_resources/playerimages/1312681.png,fotmob,https://www.fotmob.com/players/1312681
J,Jordan,4,DF,Husam Abu Dahab,约旦4号后卫,26,,17,0,Al-Faisaly,False,https://images.fotmob.com/image_resources/playerimages/1554109.png,fotmob,https://www.fotmob.com/players/1554109
J,Jordan,5,DF,Yazan Al-Arab,约旦5号后卫,30,,79,3,FC Seoul,False,https://images.fotmob.com/image_resources/playerimages/852168.png,fotmob,https://www.fotmob.com/players/852168
J,Jordan,6,MF,Amer Jamous,约旦6号中场,23,,18,1,Al-Zawraa,False,https://images.fotmob.com/image_resources/playerimages/1213678.png,fotmob,https://www.fotmob.com/players/1213678
J,Jordan,7,FW,Mohammad Abu Zrayq,约旦7号前锋,28,,40,5,Raja Casablanca,False,https://commons.wikimedia.org/wiki/Special:FilePath/Mohammad%20Abu%20Zrayq.jpg,wikidata,
J,Jordan,8,MF,Noor Al-Rawabdeh,约旦8号中场,29,,67,3,Selangor,False,https://images.fotmob.com/image_resources/playerimages/1036253.png,fotmob,https://www.fotmob.com/players/1036253
J,Jordan,9,FW,Ali Olwan,约旦9号前锋,26,,65,29,Al-Sailiya,False,https://images.fotmob.com/image_resources/playerimages/1028896.png,fotmob,https://www.fotmob.com/players/1028896
J,Jordan,10,FW,Musa Al-Taamari,约旦10号前锋,29,,91,24,Rennes,False,,,
J,Jordan,11,FW,Odeh Al-Fakhouri,约旦11号前锋,20,,9,1,Pyramids,False,https://images.fotmob.com/image_resources/playerimages/1823348.png,fotmob,https://www.fotmob.com/players/1823348
J,Jordan,12,GK,Nour Bani Attiah,约旦12号门将,33,,4,0,Al-Faisaly,False,https://images.fotmob.com/image_resources/playerimages/1554110.png,fotmob,https://www.fotmob.com/players/1554110
J,Jordan,13,FW,Mahmoud Al-Mardi,约旦13号前锋,32,,88,9,Al-Hussein,False,https://images.fotmob.com/image_resources/playerimages/674520.png,fotmob,https://www.fotmob.com/players/674520
J,Jordan,14,MF,Rajaei Ayed,约旦14号中场,32,,72,0,Al-Hussein,False,https://images.fotmob.com/image_resources/playerimages/546203.png,fotmob,https://www.fotmob.com/players/546203
J,Jordan,15,MF,Ibrahim Sadeh,约旦15号中场,26,,56,3,Al-Karma,False,,,
J,Jordan,16,DF,Mo Abualnadi,约旦16号后卫,25,,17,0,Selangor,False,,,
J,Jordan,17,DF,Salim Obaid,约旦17号后卫,34,,10,0,Al-Hussein,False,,,
J,Jordan,18,FW,Ibrahim Sabra,约旦18号前锋,20,,9,1,Lokomotiva Zagreb,False,https://images.fotmob.com/image_resources/playerimages/1642791.png,fotmob,https://www.fotmob.com/players/1642791
J,Jordan,19,DF,Saed Al-Rosan,约旦19号后卫,29,,20,2,Al-Hussein,False,https://images.fotmob.com/image_resources/playerimages/1179369.png,fotmob,https://www.fotmob.com/players/1179369
J,Jordan,20,MF,Mohannad Abu Taha,约旦20号中场,23,,28,1,Al-Quwa Al-Jawiya,False,https://images.fotmob.com/image_resources/playerimages/1247001.png,fotmob,https://www.fotmob.com/players/1247001
J,Jordan,21,MF,Nizar Al-Rashdan,约旦21号中场,27,,46,4,Qatar SC,False,https://images.fotmob.com/image_resources/playerimages/1195369.png,fotmob,https://www.fotmob.com/players/1195369
J,Jordan,22,GK,Abdallah Al-Fakhouri,约旦22号门将,26,,11,0,Al-Wehdat,False,https://images.fotmob.com/image_resources/playerimages/915790.png,fotmob,https://www.fotmob.com/players/915790
J,Jordan,23,DF,Ihsan Haddad,约旦23号后卫,32,,91,2,Al-Hussein,True,https://commons.wikimedia.org/wiki/Special:FilePath/Ihsan%20Haddad.jpg,wikidata,
J,Jordan,24,FW,Ali Azaizeh,约旦24号前锋,22,,3,0,Al-Shabab,False,https://images.fotmob.com/image_resources/playerimages/1642793.png,fotmob,https://www.fotmob.com/players/1642793
J,Jordan,25,MF,Mohammad Al-Dawoud,约旦25号中场,34,,12,1,Al-Wehdat,False,,,
J,Jordan,26,DF,Anas Badawi,约旦26号后卫,28,,1,0,Al-Faisaly,False,https://images.fotmob.com/image_resources/playerimages/1991034.png,fotmob,https://www.fotmob.com/players/1991034
K,Portugal,1,GK,Diogo Costa,葡萄牙1号门将,26,,42,0,Porto,False,https://images.fotmob.com/image_resources/playerimages/795630.png,fotmob,https://www.fotmob.com/players/795630
K,Portugal,2,DF,Nélson Semedo,葡萄牙2号后卫,32,,48,0,Fenerbahçe,False,https://images.fotmob.com/image_resources/playerimages/470834.png,fotmob,https://www.fotmob.com/players/470834
K,Portugal,3,DF,Rúben Dias,葡萄牙3号后卫,29,,74,3,Manchester City,False,https://images.fotmob.com/image_resources/playerimages/614006.png,fotmob,https://www.fotmob.com/players/614006
K,Portugal,4,DF,Tomás Araújo,葡萄牙4号后卫,24,,3,0,Benfica,False,https://images.fotmob.com/image_resources/playerimages/1187283.png,fotmob,https://www.fotmob.com/players/1187283
K,Portugal,5,DF,Diogo Dalot,葡萄牙5号后卫,27,,33,3,Manchester United,False,https://images.fotmob.com/image_resources/playerimages/751550.png,fotmob,https://www.fotmob.com/players/751550
K,Portugal,6,MF,Matheus Nunes,葡萄牙6号中场,27,,19,2,Manchester City,False,https://images.fotmob.com/image_resources/playerimages/955529.png,fotmob,https://www.fotmob.com/players/955529
K,Portugal,7,FW,Cristiano Ronaldo,克里斯蒂亚诺·罗纳尔多,41,,226,143,Al-Nassr,True,https://images.fotmob.com/image_resources/playerimages/30893.png,fotmob,https://www.fotmob.com/players/30893
K,Portugal,8,MF,Bruno Fernandes,葡萄牙8号中场,31,,87,28,Manchester United,False,https://images.fotmob.com/image_resources/playerimages/422685.png,fotmob,https://www.fotmob.com/players/422685
K,Portugal,9,FW,Gonçalo Ramos,葡萄牙9号前锋,24,,24,10,Paris Saint-Germain,False,https://images.fotmob.com/image_resources/playerimages/940087.png,fotmob,https://www.fotmob.com/players/940087
K,Portugal,10,MF,Bernardo Silva,葡萄牙10号中场,31,,107,14,Manchester City,False,https://images.fotmob.com/image_resources/playerimages/488139.png,fotmob,https://www.fotmob.com/players/488139
K,Portugal,11,FW,João Félix,葡萄牙11号前锋,26,,52,12,Al-Nassr,False,https://images.fotmob.com/image_resources/playerimages/794427.png,fotmob,https://www.fotmob.com/players/794427
K,Portugal,12,GK,José Sá,葡萄牙12号门将,33,,4,0,Wolverhampton Wanderers,False,https://images.fotmob.com/image_resources/playerimages/416175.png,fotmob,https://www.fotmob.com/players/416175
K,Portugal,13,DF,Renato Veiga,葡萄牙13号后卫,22,,11,1,Villarreal,False,https://images.fotmob.com/image_resources/playerimages/1343750.png,fotmob,https://www.fotmob.com/players/1343750
K,Portugal,14,DF,Gonçalo Inácio,葡萄牙14号后卫,24,,20,2,Sporting CP,False,https://images.fotmob.com/image_resources/playerimages/1165710.png,fotmob,https://www.fotmob.com/players/1165710
K,Portugal,15,MF,João Neves,葡萄牙15号中场,21,,21,3,Paris Saint-Germain,False,https://images.fotmob.com/image_resources/playerimages/1342757.png,fotmob,https://www.fotmob.com/players/1342757
K,Portugal,16,FW,Francisco Trincão,葡萄牙16号前锋,26,,17,3,Sporting CP,False,https://commons.wikimedia.org/wiki/Special:FilePath/Francisco%20Trinc%C3%A3o%202019%20%28cropped%29%202.jpg,wikidata,
K,Portugal,17,FW,Rafael Leão,葡萄牙17号前锋,27,,43,5,Milan,False,https://images.fotmob.com/image_resources/playerimages/848844.png,fotmob,https://www.fotmob.com/players/848844
K,Portugal,18,FW,Pedro Neto,葡萄牙18号前锋,26,,23,2,Chelsea,False,https://images.fotmob.com/image_resources/playerimages/843040.png,fotmob,https://www.fotmob.com/players/843040
K,Portugal,19,FW,Gonçalo Guedes,葡萄牙19号前锋,29,,33,7,Real Sociedad,False,https://images.fotmob.com/image_resources/playerimages/536455.png,fotmob,https://www.fotmob.com/players/536455
K,Portugal,20,DF,João Cancelo,葡萄牙20号后卫,32,,66,12,Barcelona,False,https://images.fotmob.com/image_resources/playerimages/361757.png,fotmob,https://www.fotmob.com/players/361757
K,Portugal,21,MF,Rúben Neves,葡萄牙21号中场,29,,65,1,Al-Hilal,False,https://images.fotmob.com/image_resources/playerimages/534684.png,fotmob,https://www.fotmob.com/players/534684
K,Portugal,22,GK,Rui Silva,葡萄牙22号门将,32,,2,0,Sporting CP,False,https://images.fotmob.com/image_resources/playerimages/361717.png,fotmob,https://www.fotmob.com/players/361717
K,Portugal,23,MF,Vitinha,葡萄牙23号中场,26,,37,0,Paris Saint-Germain,False,https://images.fotmob.com/image_resources/playerimages/1061249.png,fotmob,https://www.fotmob.com/players/1061249
K,Portugal,24,DF,Samú Costa,葡萄牙24号后卫,25,,4,0,Mallorca,False,https://commons.wikimedia.org/wiki/Special:FilePath/Sam%C3%BA%20Costa%20USMNT%20v%20Portugal%20Mar%2031%202026-54.jpg,wikidata,
K,Portugal,25,DF,Nuno Mendes,葡萄牙25号后卫,23,,43,1,Paris Saint-Germain,False,https://images.fotmob.com/image_resources/playerimages/1158945.png,fotmob,https://www.fotmob.com/players/1158945
K,Portugal,26,FW,Francisco Conceição,葡萄牙26号前锋,23,,15,3,Juventus,False,https://images.fotmob.com/image_resources/playerimages/1185336.png,fotmob,https://www.fotmob.com/players/1185336
K,Uzbekistan,1,GK,Utkir Yusupov,乌兹别克斯坦1号门将,35,,39,0,Navbahor Namangan,False,https://images.fotmob.com/image_resources/playerimages/619700.png,fotmob,https://www.fotmob.com/players/619700
K,Uzbekistan,2,DF,Abdukodir Khusanov,乌兹别克斯坦2号后卫,22,,26,0,Manchester City,False,https://images.fotmob.com/image_resources/playerimages/1362998.png,fotmob,https://www.fotmob.com/players/1362998
K,Uzbekistan,3,DF,Khojiakbar Alijonov,乌兹别克斯坦3号后卫,29,,40,2,Pakhtakor,False,https://commons.wikimedia.org/wiki/Special:FilePath/FC%20Pakhtakor%20in%20March%202019%20%28cropped%29.jpg,wikidata,
K,Uzbekistan,4,DF,Farrukh Sayfiev,乌兹别克斯坦4号后卫,35,,45,1,Neftchi Fergana,False,https://images.fotmob.com/image_resources/playerimages/589585.png,fotmob,https://www.fotmob.com/players/589585
K,Uzbekistan,5,DF,Rustam Ashurmatov,乌兹别克斯坦5号后卫,29,,48,1,Esteghlal,False,https://images.fotmob.com/image_resources/playerimages/643624.png,fotmob,https://www.fotmob.com/players/643624
K,Uzbekistan,6,MF,Akmal Mozgovoy,乌兹别克斯坦6号中场,27,,24,1,Pakhtakor,False,https://images.fotmob.com/image_resources/playerimages/929168.png,fotmob,https://www.fotmob.com/players/929168
K,Uzbekistan,7,MF,Otabek Shukurov,乌兹别克斯坦7号中场,29,,83,9,Baniyas,False,https://images.fotmob.com/image_resources/playerimages/624405.png,fotmob,https://www.fotmob.com/players/624405
K,Uzbekistan,8,MF,Jamshid Iskanderov,乌兹别克斯坦8号中场,32,,37,4,Neftchi Fergana,False,https://images.fotmob.com/image_resources/playerimages/1259192.png,fotmob,https://www.fotmob.com/players/1259192
K,Uzbekistan,9,MF,Odiljon Hamrobekov,乌兹别克斯坦9号中场,30,,72,1,Tractor,False,https://commons.wikimedia.org/wiki/Special:FilePath/Odiljon%20Hamrobekov%202020.jpg,wikidata,
K,Uzbekistan,10,MF,Jaloliddin Masharipov,乌兹别克斯坦10号中场,32,,74,12,Esteghlal,False,https://images.fotmob.com/image_resources/playerimages/533382.png,fotmob,https://www.fotmob.com/players/533382
K,Uzbekistan,11,MF,Oston Urunov,乌兹别克斯坦11号中场,25,,41,10,Persepolis,False,https://images.fotmob.com/image_resources/playerimages/1057486.png,fotmob,https://www.fotmob.com/players/1057486
K,Uzbekistan,12,GK,Abduvohid Nematov,乌兹别克斯坦12号门将,25,,8,0,Nasaf,False,https://images.fotmob.com/image_resources/playerimages/1259187.png,fotmob,https://www.fotmob.com/players/1259187
K,Uzbekistan,13,DF,Sherzod Nasrullaev,乌兹别克斯坦13号后卫,27,,30,2,Nasaf,False,https://commons.wikimedia.org/wiki/Special:FilePath/Sherzod%20Nasrullayev.jpg,wikidata,
K,Uzbekistan,14,FW,Eldor Shomurodov,乌兹别克斯坦14号前锋,30,,91,44,İstanbul Başakşehir,True,https://images.fotmob.com/image_resources/playerimages/619513.png,fotmob,https://www.fotmob.com/players/619513
K,Uzbekistan,15,DF,Umar Eshmurodov,乌兹别克斯坦15号后卫,33,,29,0,Nasaf,False,https://commons.wikimedia.org/wiki/Special:FilePath/Umar%20Eshmurodov%202.jpg,wikidata,
K,Uzbekistan,16,GK,Botirali Ergashev,乌兹别克斯坦16号门将,30,,2,0,Neftchi Fergana,False,https://images.fotmob.com/image_resources/playerimages/643639.png,fotmob,https://www.fotmob.com/players/643639
K,Uzbekistan,17,MF,Dostonbek Khamdamov,乌兹别克斯坦17号中场,29,,33,5,Pakhtakor,False,https://images.fotmob.com/image_resources/playerimages/619508.png,fotmob,https://www.fotmob.com/players/619508
K,Uzbekistan,18,DF,Abdulla Abdullaev,乌兹别克斯坦18号后卫,28,,17,0,Dibba,False,https://images.fotmob.com/image_resources/playerimages/1294120.png,fotmob,https://www.fotmob.com/players/1294120
K,Uzbekistan,19,MF,Azizjon Ganiev,乌兹别克斯坦19号中场,28,,19,0,Al Bataeh,False,https://commons.wikimedia.org/wiki/Special:FilePath/Aziz%20G%CA%BBaniyev.webp,wikidata,
K,Uzbekistan,20,FW,Azizbek Amonov,乌兹别克斯坦20号前锋,28,,12,2,Dinamo Samarqand,False,https://images.fotmob.com/image_resources/playerimages/933051.png,fotmob,https://www.fotmob.com/players/933051
K,Uzbekistan,21,FW,Igor Sergeev,乌兹别克斯坦21号前锋,33,,82,24,Persepolis,False,https://images.fotmob.com/image_resources/playerimages/251915.png,fotmob,https://www.fotmob.com/players/251915
K,Uzbekistan,22,MF,Abbosbek Fayzullaev,乌兹别克斯坦22号中场,22,,31,8,İstanbul Başakşehir,False,https://commons.wikimedia.org/wiki/Special:FilePath/Abbosbek%20Fayzullaev%20at%20Press%20conference%20of%20the%20national%20football%20teams%20of%20Iran%20and%20Uzbekistan%20%28Mehr%2C%2023%20March%202025%29%20%28cropped%29.jpg,wikidata,
K,Uzbekistan,23,MF,Sherzod Esanov,乌兹别克斯坦23号中场,23,,1,0,Bukhara,False,https://images.fotmob.com/image_resources/playerimages/1477517.png,fotmob,https://www.fotmob.com/players/1477517
K,Uzbekistan,24,DF,Bekhruz Karimov,乌兹别克斯坦24号后卫,18,,2,0,Surkhon Termiz,False,https://images.fotmob.com/image_resources/playerimages/1898281.png,fotmob,https://www.fotmob.com/players/1898281
K,Uzbekistan,25,DF,Avazbek Ulmasaliev,乌兹别克斯坦25号后卫,26,,0,0,AGMK,False,https://commons.wikimedia.org/wiki/Special:FilePath/Avazbek%20O%CA%BBlmasaliyev.jpg,wikidata,
K,Uzbekistan,26,DF,Jakhongir Urozov,乌兹别克斯坦26号后卫,22,,3,0,Dinamo Samarqand,False,https://images.fotmob.com/image_resources/playerimages/1477513.png,fotmob,https://www.fotmob.com/players/1477513
K,Colombia,1,GK,David Ospina,哥伦比亚1号门将,37,,130,0,Atlético Nacional,False,https://images.fotmob.com/image_resources/playerimages/50065.png,fotmob,https://www.fotmob.com/players/50065
K,Colombia,2,DF,Daniel Muñoz,哥伦比亚2号后卫,30,,45,3,Crystal Palace,False,https://images.fotmob.com/image_resources/playerimages/859282.png,fotmob,https://www.fotmob.com/players/859282
K,Colombia,3,DF,Jhon Lucumí,哥伦比亚3号后卫,27,,36,1,Bologna,False,https://images.fotmob.com/image_resources/playerimages/860913.png,fotmob,https://www.fotmob.com/players/860913
K,Colombia,4,DF,Santiago Arias,哥伦比亚4号后卫,34,,67,0,Independiente,False,https://images.fotmob.com/image_resources/playerimages/207642.png,fotmob,https://www.fotmob.com/players/207642
K,Colombia,5,MF,Kevin Castaño,哥伦比亚5号中场,25,,25,0,River Plate,False,https://images.fotmob.com/image_resources/playerimages/1434853.png,fotmob,https://www.fotmob.com/players/1434853
K,Colombia,6,MF,Richard Ríos,哥伦比亚6号中场,26,,31,2,Benfica,False,https://images.fotmob.com/image_resources/playerimages/1174630.png,fotmob,https://www.fotmob.com/players/1174630
K,Colombia,7,FW,Luis Díaz,路易斯·迪亚斯,29,,73,22,Bayern Munich,False,https://images.fotmob.com/image_resources/playerimages/860914.png,fotmob,https://www.fotmob.com/players/860914
K,Colombia,8,MF,Jorge Carrascal,哥伦比亚8号中场,28,,23,2,Flamengo,False,https://images.fotmob.com/image_resources/playerimages/784834.png,fotmob,https://www.fotmob.com/players/784834
K,Colombia,9,FW,Jhon Córdoba,哥伦比亚9号前锋,33,,21,6,Krasnodar,False,https://images.fotmob.com/image_resources/playerimages/291425.png,fotmob,https://www.fotmob.com/players/291425
K,Colombia,10,MF,James Rodríguez,哈梅斯·罗德里格斯,34,,125,31,Minnesota United FC,True,https://images.fotmob.com/image_resources/playerimages/164684.png,fotmob,https://www.fotmob.com/players/164684
K,Colombia,11,MF,Jhon Arias,哥伦比亚11号中场,28,,37,4,Palmeiras,False,https://images.fotmob.com/image_resources/playerimages/1023030.png,fotmob,https://www.fotmob.com/players/1023030
K,Colombia,12,GK,Camilo Vargas,哥伦比亚12号门将,37,,41,0,Atlas,False,https://images.fotmob.com/image_resources/playerimages/50207.png,fotmob,https://www.fotmob.com/players/50207
K,Colombia,13,DF,Yerry Mina,哥伦比亚13号后卫,31,,53,8,Cagliari,False,https://images.fotmob.com/image_resources/playerimages/496042.png,fotmob,https://www.fotmob.com/players/496042
K,Colombia,14,DF,Gustavo Puerta,哥伦比亚14号后卫,22,,5,1,Racing Santander,False,https://images.fotmob.com/image_resources/playerimages/1331597.png,fotmob,https://www.fotmob.com/players/1331597
K,Colombia,15,MF,Juan Portilla,哥伦比亚15号中场,27,,9,0,Athletico Paranaense,False,https://images.fotmob.com/image_resources/playerimages/1281230.png,fotmob,https://www.fotmob.com/players/1281230
K,Colombia,16,MF,Jefferson Lerma,哥伦比亚16号中场,31,,64,5,Crystal Palace,False,https://images.fotmob.com/image_resources/playerimages/466672.png,fotmob,https://www.fotmob.com/players/466672
K,Colombia,17,DF,Johan Mojica,哥伦比亚17号后卫,33,,44,1,Mallorca,False,https://images.fotmob.com/image_resources/playerimages/474673.png,fotmob,https://www.fotmob.com/players/474673
K,Colombia,18,DF,Willer Ditta,哥伦比亚18号后卫,28,,4,0,Cruz Azul,False,https://images.fotmob.com/image_resources/playerimages/965205.png,fotmob,https://www.fotmob.com/players/965205
K,Colombia,19,FW,Cucho Hernández,哥伦比亚19号前锋,27,,8,2,Real Betis,False,https://commons.wikimedia.org/wiki/Special:FilePath/Hernandez%20Cucho%20Columbus%20Crew%20Meet%20the%20Team%202022.jpg,wikidata,
K,Colombia,20,MF,Juan Fernando Quintero,哥伦比亚20号中场,33,,48,6,River Plate,False,https://images.fotmob.com/image_resources/playerimages/207617.png,fotmob,https://www.fotmob.com/players/207617
K,Colombia,21,FW,Jaminton Campaz,哥伦比亚21号前锋,26,,9,1,Rosario Central,False,https://images.fotmob.com/image_resources/playerimages/837870.png,fotmob,https://www.fotmob.com/players/837870
K,Colombia,22,DF,Deiver Machado,哥伦比亚22号后卫,32,,15,0,Nantes,False,https://images.fotmob.com/image_resources/playerimages/578756.png,fotmob,https://www.fotmob.com/players/578756
K,Colombia,23,DF,Davinson Sánchez,哥伦比亚23号后卫,29,,78,4,Galatasaray,False,https://images.fotmob.com/image_resources/playerimages/643533.png,fotmob,https://www.fotmob.com/players/643533
K,Colombia,24,GK,Álvaro Montero,哥伦比亚24号门将,31,,11,0,Vélez Sarsfield,False,https://images.fotmob.com/image_resources/playerimages/498457.png,fotmob,https://www.fotmob.com/players/498457
K,Colombia,25,FW,Luis Suárez,路易斯·苏亚雷斯,28,,11,5,Sporting CP,False,https://images.fotmob.com/image_resources/playerimages/792303.png,fotmob,https://www.fotmob.com/players/792303
K,Colombia,26,FW,Andrés Gómez,哥伦比亚26号前锋,23,,7,2,Vasco da Gama,False,https://images.fotmob.com/image_resources/playerimages/1353421.png,fotmob,https://www.fotmob.com/players/1353421
K,DR Congo,1,GK,Lionel Mpasi,刚果民主共和国1号门将,31,,28,0,Le Havre,False,https://images.fotmob.com/image_resources/playerimages/912286.png,fotmob,https://www.fotmob.com/players/912286
K,DR Congo,2,DF,Aaron Wan-Bissaka,刚果民主共和国2号后卫,28,,11,0,West Ham United,False,https://images.fotmob.com/image_resources/playerimages/760320.png,fotmob,https://www.fotmob.com/players/760320
K,DR Congo,3,DF,Steve Kapuadi,刚果民主共和国3号后卫,28,,4,0,Widzew Łódź,False,https://images.fotmob.com/image_resources/playerimages/1132814.png,fotmob,https://www.fotmob.com/players/1132814
K,DR Congo,4,DF,Axel Tuanzebe,刚果民主共和国4号后卫,28,,13,1,Burnley,False,https://images.fotmob.com/image_resources/playerimages/690149.png,fotmob,https://www.fotmob.com/players/690149
K,DR Congo,5,DF,Dylan Batubinsika,刚果民主共和国5号后卫,30,,14,1,AEL,False,https://images.fotmob.com/image_resources/playerimages/751762.png,fotmob,https://www.fotmob.com/players/751762
K,DR Congo,6,MF,Ngal'ayel Mukau,刚果民主共和国6号中场,21,,13,0,Lille,False,https://images.fotmob.com/image_resources/playerimages/1428153.png,fotmob,https://www.fotmob.com/players/1428153
K,DR Congo,7,MF,Nathanaël Mbuku,刚果民主共和国7号中场,24,,18,2,Montpellier,False,https://images.fotmob.com/image_resources/playerimages/1049799.png,fotmob,https://www.fotmob.com/players/1049799
K,DR Congo,8,MF,Samuel Moutoussamy,刚果民主共和国8号中场,29,,57,0,Atromitos,False,https://images.fotmob.com/image_resources/playerimages/866108.png,fotmob,https://www.fotmob.com/players/866108
K,DR Congo,9,FW,Brian Cipenga,刚果民主共和国9号前锋,28,,7,0,Castellón,False,https://images.fotmob.com/image_resources/playerimages/1302121.png,fotmob,https://www.fotmob.com/players/1302121
K,DR Congo,10,MF,Théo Bongonda,刚果民主共和国10号中场,30,,37,7,Spartak Moscow,False,https://images.fotmob.com/image_resources/playerimages/466132.png,fotmob,https://www.fotmob.com/players/466132
K,DR Congo,11,FW,Gaël Kakuta,刚果民主共和国11号前锋,34,,30,5,AEL,False,https://images.fotmob.com/image_resources/playerimages/163205.png,fotmob,https://www.fotmob.com/players/163205
K,DR Congo,12,DF,Joris Kayembe,刚果民主共和国12号后卫,31,,25,0,Genk,False,https://images.fotmob.com/image_resources/playerimages/500932.png,fotmob,https://www.fotmob.com/players/500932
K,DR Congo,13,FW,Meschak Elia,刚果民主共和国13号前锋,28,,68,12,Alanyaspor,False,https://commons.wikimedia.org/wiki/Special:FilePath/Meschack%20Elia%20%28cropped%29.jpg,wikidata,
K,DR Congo,14,MF,Noah Sadiki,刚果民主共和国14号中场,21,,19,0,Sunderland,False,https://images.fotmob.com/image_resources/playerimages/1359649.png,fotmob,https://www.fotmob.com/players/1359649
K,DR Congo,15,MF,Aaron Tshibola,刚果民主共和国15号中场,31,,16,1,Kilmarnock,False,https://images.fotmob.com/image_resources/playerimages/490122.png,fotmob,https://www.fotmob.com/players/490122
K,DR Congo,16,GK,Timothy Fayulu,刚果民主共和国16号门将,26,,3,0,Noah,False,https://images.fotmob.com/image_resources/playerimages/976996.png,fotmob,https://www.fotmob.com/players/976996
K,DR Congo,17,FW,Cédric Bakambu,刚果民主共和国17号前锋,35,,69,21,Real Betis,False,https://images.fotmob.com/image_resources/playerimages/201939.png,fotmob,https://www.fotmob.com/players/201939
K,DR Congo,18,MF,Charles Pickel,刚果民主共和国18号中场,29,,34,1,Espanyol,False,https://images.fotmob.com/image_resources/playerimages/743720.png,fotmob,https://www.fotmob.com/players/743720
K,DR Congo,19,FW,Fiston Mayele,刚果民主共和国19号前锋,31,,37,6,Pyramids,False,https://images.fotmob.com/image_resources/playerimages/1116042.png,fotmob,https://www.fotmob.com/players/1116042
K,DR Congo,20,FW,Yoane Wissa,刚果民主共和国20号前锋,29,,37,9,Newcastle United,False,https://images.fotmob.com/image_resources/playerimages/666857.png,fotmob,https://www.fotmob.com/players/666857
K,DR Congo,21,GK,Matthieu Epolo,刚果民主共和国21号门将,21,,1,0,Standard Liège,False,https://images.fotmob.com/image_resources/playerimages/1257080.png,fotmob,https://www.fotmob.com/players/1257080
K,DR Congo,22,DF,Chancel Mbemba,刚果民主共和国22号后卫,31,,108,7,Lille,True,https://images.fotmob.com/image_resources/playerimages/277761.png,fotmob,https://www.fotmob.com/players/277761
K,DR Congo,23,FW,Simon Banza,刚果民主共和国23号前锋,29,,15,2,Al Jazira,False,https://images.fotmob.com/image_resources/playerimages/696932.png,fotmob,https://www.fotmob.com/players/696932
K,DR Congo,24,DF,Gédéon Kalulu,刚果民主共和国24号后卫,28,,28,0,Aris Limassol,False,https://images.fotmob.com/image_resources/playerimages/1022309.png,fotmob,https://www.fotmob.com/players/1022309
K,DR Congo,25,MF,Edo Kayembe,刚果民主共和国25号中场,28,,42,2,Watford,False,https://images.fotmob.com/image_resources/playerimages/909803.png,fotmob,https://www.fotmob.com/players/909803
K,DR Congo,26,DF,Arthur Masuaku,刚果民主共和国26号后卫,32,,45,4,Lens,False,https://images.fotmob.com/image_resources/playerimages/418137.png,fotmob,https://www.fotmob.com/players/418137
L,England,1,GK,Jordan Pickford,乔丹·皮克福德,32,,82,0,Everton,False,https://images.fotmob.com/image_resources/playerimages/303919.png,fotmob,https://www.fotmob.com/players/303919
L,England,2,DF,Ezri Konsa,英格兰2号后卫,28,,18,1,Aston Villa,False,https://images.fotmob.com/image_resources/playerimages/710159.png,fotmob,https://www.fotmob.com/players/710159
L,England,3,DF,Nico O'Reilly,英格兰3号后卫,21,,3,0,Manchester City,False,https://images.fotmob.com/image_resources/playerimages/1300526.png,fotmob,https://www.fotmob.com/players/1300526
L,England,4,MF,Declan Rice,德克兰·赖斯,27,,72,6,Arsenal,False,https://images.fotmob.com/image_resources/playerimages/654096.png,fotmob,https://www.fotmob.com/players/654096
L,England,5,DF,John Stones,约翰·斯通斯,32,,87,3,Manchester City,False,https://images.fotmob.com/image_resources/playerimages/263653.png,fotmob,https://www.fotmob.com/players/263653
L,England,6,DF,Marc Guéhi,英格兰6号后卫,25,,27,1,Manchester City,False,https://images.fotmob.com/image_resources/playerimages/844425.png,fotmob,https://www.fotmob.com/players/844425
L,England,7,FW,Bukayo Saka,布卡约·萨卡,24,,48,14,Arsenal,False,https://images.fotmob.com/image_resources/playerimages/961995.png,fotmob,https://www.fotmob.com/players/961995
L,England,8,MF,Elliot Anderson,英格兰8号中场,23,,7,0,Nottingham Forest,False,https://images.fotmob.com/image_resources/playerimages/1089691.png,fotmob,https://www.fotmob.com/players/1089691
L,England,9,FW,Harry Kane,哈里·凯恩,32,,112,78,Bayern Munich,True,https://images.fotmob.com/image_resources/playerimages/194165.png,fotmob,https://www.fotmob.com/players/194165
L,England,10,MF,Jude Bellingham,裘德·贝林厄姆,22,,46,6,Real Madrid,False,https://images.fotmob.com/image_resources/playerimages/1077894.png,fotmob,https://www.fotmob.com/players/1077894
L,England,11,FW,Marcus Rashford,马库斯·拉什福德,28,,70,18,Barcelona,False,https://images.fotmob.com/image_resources/playerimages/696365.png,fotmob,https://www.fotmob.com/players/696365
L,England,12,DF,Tino Livramento,英格兰12号后卫,23,,5,0,Newcastle United,False,https://images.fotmob.com/image_resources/playerimages/1107910.png,fotmob,https://www.fotmob.com/players/1107910
L,England,13,GK,Dean Henderson,英格兰13号门将,29,,4,0,Crystal Palace,False,https://images.fotmob.com/image_resources/playerimages/719330.png,fotmob,https://www.fotmob.com/players/719330
L,England,14,MF,Jordan Henderson,英格兰14号中场,35,,89,3,Brentford,False,https://images.fotmob.com/image_resources/playerimages/156008.png,fotmob,https://www.fotmob.com/players/156008
L,England,15,DF,Dan Burn,英格兰15号后卫,34,,6,0,Newcastle United,False,https://images.fotmob.com/image_resources/playerimages/188058.png,fotmob,https://www.fotmob.com/players/188058
L,England,16,MF,Kobbie Mainoo,英格兰16号中场,21,,12,0,Manchester United,False,https://images.fotmob.com/image_resources/playerimages/1292810.png,fotmob,https://www.fotmob.com/players/1292810
L,England,17,MF,Morgan Rogers,英格兰17号中场,23,,13,1,Aston Villa,False,https://images.fotmob.com/image_resources/playerimages/883080.png,fotmob,https://www.fotmob.com/players/883080
L,England,18,FW,Anthony Gordon,英格兰18号前锋,25,,17,2,Newcastle United,False,https://images.fotmob.com/image_resources/playerimages/906937.png,fotmob,https://www.fotmob.com/players/906937
L,England,19,FW,Ollie Watkins,英格兰19号前锋,30,,20,6,Aston Villa,False,https://images.fotmob.com/image_resources/playerimages/540088.png,fotmob,https://www.fotmob.com/players/540088
L,England,20,FW,Noni Madueke,英格兰20号前锋,24,,10,1,Arsenal,False,https://images.fotmob.com/image_resources/playerimages/1084981.png,fotmob,https://www.fotmob.com/players/1084981
L,England,21,MF,Eberechi Eze,英格兰21号中场,27,,16,3,Arsenal,False,https://images.fotmob.com/image_resources/playerimages/818975.png,fotmob,https://www.fotmob.com/players/818975
L,England,22,FW,Ivan Toney,英格兰22号前锋,30,,7,1,Al-Ahli,False,https://images.fotmob.com/image_resources/playerimages/408987.png,fotmob,https://www.fotmob.com/players/408987
L,England,23,GK,James Trafford,英格兰23号门将,23,,1,0,Manchester City,False,https://images.fotmob.com/image_resources/playerimages/1187213.png,fotmob,https://www.fotmob.com/players/1187213
L,England,24,DF,Reece James,英格兰24号后卫,26,,22,1,Chelsea,False,https://images.fotmob.com/image_resources/playerimages/807729.png,fotmob,https://www.fotmob.com/players/807729
L,England,25,DF,Djed Spence,英格兰25号后卫,25,,4,0,Tottenham Hotspur,False,https://images.fotmob.com/image_resources/playerimages/894803.png,fotmob,https://www.fotmob.com/players/894803
L,England,26,DF,Jarell Quansah,英格兰26号后卫,23,,1,0,Bayer Leverkusen,False,https://images.fotmob.com/image_resources/playerimages/1107620.png,fotmob,https://www.fotmob.com/players/1107620
L,Croatia,1,GK,Dominik Livaković,克罗地亚1号门将,31,,74,0,Dinamo Zagreb,False,https://images.fotmob.com/image_resources/playerimages/383971.png,fotmob,https://www.fotmob.com/players/383971
L,Croatia,2,DF,Josip Stanišić,克罗地亚2号后卫,26,,30,0,Bayern Munich,False,https://images.fotmob.com/image_resources/playerimages/950824.png,fotmob,https://www.fotmob.com/players/950824
L,Croatia,3,DF,Marin Pongračić,克罗地亚3号后卫,28,,19,0,Fiorentina,False,https://images.fotmob.com/image_resources/playerimages/831474.png,fotmob,https://www.fotmob.com/players/831474
L,Croatia,4,DF,Joško Gvardiol,克罗地亚4号后卫,24,,47,4,Manchester City,False,https://images.fotmob.com/image_resources/playerimages/1070712.png,fotmob,https://www.fotmob.com/players/1070712
L,Croatia,5,DF,Duje Ćaleta-Car,克罗地亚5号后卫,29,,38,1,Real Sociedad,False,https://images.fotmob.com/image_resources/playerimages/557799.png,fotmob,https://www.fotmob.com/players/557799
L,Croatia,6,DF,Josip Šutalo,克罗地亚6号后卫,26,,32,0,Ajax,False,https://images.fotmob.com/image_resources/playerimages/1186228.png,fotmob,https://www.fotmob.com/players/1186228
L,Croatia,7,MF,Nikola Moro,克罗地亚7号中场,28,,10,0,Bologna,False,https://images.fotmob.com/image_resources/playerimages/641595.png,fotmob,https://www.fotmob.com/players/641595
L,Croatia,8,MF,Mateo Kovačić,马特奥·科瓦契奇,32,,112,5,Manchester City,False,https://images.fotmob.com/image_resources/playerimages/239219.png,fotmob,https://www.fotmob.com/players/239219
L,Croatia,9,FW,Andrej Kramarić,克罗地亚9号前锋,34,,115,36,TSG Hoffenheim,False,https://images.fotmob.com/image_resources/playerimages/173461.png,fotmob,https://www.fotmob.com/players/173461
L,Croatia,10,MF,Luka Modrić,卢卡·莫德里奇,40,,197,28,Milan,True,https://images.fotmob.com/image_resources/playerimages/31097.png,fotmob,https://www.fotmob.com/players/31097
L,Croatia,11,FW,Ante Budimir,克罗地亚11号前锋,34,,37,6,Osasuna,False,https://images.fotmob.com/image_resources/playerimages/251269.png,fotmob,https://www.fotmob.com/players/251269
L,Croatia,12,GK,Ivor Pandur,克罗地亚12号门将,26,,0,0,Hull City,False,https://images.fotmob.com/image_resources/playerimages/1077684.png,fotmob,https://www.fotmob.com/players/1077684
L,Croatia,13,MF,Nikola Vlašić,克罗地亚13号中场,28,,62,10,Torino,False,https://images.fotmob.com/image_resources/playerimages/557677.png,fotmob,https://www.fotmob.com/players/557677
L,Croatia,14,FW,Ivan Perišić,伊万·佩里西奇,37,,153,38,PSV Eindhoven,False,https://images.fotmob.com/image_resources/playerimages/163670.png,fotmob,https://www.fotmob.com/players/163670
L,Croatia,15,MF,Mario Pašalić,克罗地亚15号中场,31,,84,11,Atalanta,False,https://images.fotmob.com/image_resources/playerimages/446266.png,fotmob,https://www.fotmob.com/players/446266
L,Croatia,16,MF,Martin Baturina,克罗地亚16号中场,23,,18,1,Como,False,https://images.fotmob.com/image_resources/playerimages/1215064.png,fotmob,https://www.fotmob.com/players/1215064
L,Croatia,17,MF,Petar Sučić,克罗地亚17号中场,22,,16,1,Inter Milan,False,https://images.fotmob.com/image_resources/playerimages/1382000.png,fotmob,https://www.fotmob.com/players/1382000
L,Croatia,18,DF,Kristijan Jakić,克罗地亚18号后卫,29,,17,2,FC Augsburg,False,https://images.fotmob.com/image_resources/playerimages/643448.png,fotmob,https://www.fotmob.com/players/643448
L,Croatia,19,MF,Toni Fruk,克罗地亚19号中场,25,,7,1,Rijeka,False,https://images.fotmob.com/image_resources/playerimages/1300358.png,fotmob,https://www.fotmob.com/players/1300358
L,Croatia,20,FW,Igor Matanović,克罗地亚20号前锋,23,,8,2,SC Freiburg,False,https://images.fotmob.com/image_resources/playerimages/1210893.png,fotmob,https://www.fotmob.com/players/1210893
L,Croatia,21,MF,Luka Sučić,克罗地亚21号中场,23,,20,1,Real Sociedad,False,https://images.fotmob.com/image_resources/playerimages/959597.png,fotmob,https://www.fotmob.com/players/959597
L,Croatia,22,DF,Luka Vušković,克罗地亚22号后卫,19,,5,1,Hamburger SV,False,https://images.fotmob.com/image_resources/playerimages/1413996.png,fotmob,https://www.fotmob.com/players/1413996
L,Croatia,23,GK,Dominik Kotarski,克罗地亚23号门将,26,,4,0,Copenhagen,False,https://images.fotmob.com/image_resources/playerimages/873557.png,fotmob,https://www.fotmob.com/players/873557
L,Croatia,24,FW,Marco Pašalić,克罗地亚24号前锋,25,,14,1,Orlando City SC,False,https://images.fotmob.com/image_resources/playerimages/1199714.png,fotmob,https://www.fotmob.com/players/1199714
L,Croatia,25,DF,Martin Erlić,克罗地亚25号后卫,28,,12,1,Midtjylland,False,https://images.fotmob.com/image_resources/playerimages/616170.png,fotmob,https://www.fotmob.com/players/616170
L,Croatia,26,FW,Petar Musa,克罗地亚26号前锋,28,,11,1,FC Dallas,False,https://images.fotmob.com/image_resources/playerimages/709796.png,fotmob,https://www.fotmob.com/players/709796
L,Ghana,1,GK,Lawrence Ati-Zigi,加纳1号门将,29,,29,0,St. Gallen,False,https://images.fotmob.com/image_resources/playerimages/615411.png,fotmob,https://www.fotmob.com/players/615411
L,Ghana,2,DF,Alidu Seidu,加纳2号后卫,26,,24,1,Rennes,False,https://images.fotmob.com/image_resources/playerimages/1177779.png,fotmob,https://www.fotmob.com/players/1177779
L,Ghana,3,MF,Caleb Yirenkyi,加纳3号中场,20,,11,1,Nordsjælland,False,https://images.fotmob.com/image_resources/playerimages/1615927.png,fotmob,https://www.fotmob.com/players/1615927
L,Ghana,4,DF,Jonas Adjetey,加纳4号后卫,22,,10,0,VfL Wolfsburg,False,https://images.fotmob.com/image_resources/playerimages/1432344.png,fotmob,https://www.fotmob.com/players/1432344
L,Ghana,5,MF,Thomas Partey,托马斯·帕尔特伊,32,,57,15,Villarreal,False,https://images.fotmob.com/image_resources/playerimages/434325.png,fotmob,https://www.fotmob.com/players/434325
L,Ghana,6,DF,Abdul Mumin,加纳6号后卫,28,,5,0,Rayo Vallecano,False,https://images.fotmob.com/image_resources/playerimages/776591.png,fotmob,https://www.fotmob.com/players/776591
L,Ghana,7,FW,Abdul Fatawu,加纳7号前锋,22,,28,3,Leicester City,False,https://images.fotmob.com/image_resources/playerimages/1265626.png,fotmob,https://www.fotmob.com/players/1265626
L,Ghana,8,MF,Kwasi Sibo,加纳8号中场,27,,8,0,Oviedo,False,https://images.fotmob.com/image_resources/playerimages/948745.png,fotmob,https://www.fotmob.com/players/948745
L,Ghana,9,FW,Jordan Ayew,加纳9号前锋,34,,120,34,Leicester City,True,https://images.fotmob.com/image_resources/playerimages/154280.png,fotmob,https://www.fotmob.com/players/154280
L,Ghana,10,FW,Brandon Thomas-Asante,加纳10号前锋,27,,8,1,Coventry City,False,https://images.fotmob.com/image_resources/playerimages/776184.png,fotmob,https://www.fotmob.com/players/776184
L,Ghana,11,MF,Antoine Semenyo,加纳11号中场,26,,34,3,Manchester City,False,https://images.fotmob.com/image_resources/playerimages/933576.png,fotmob,https://www.fotmob.com/players/933576
L,Ghana,12,GK,Joseph Anang,加纳12号门将,26,,1,0,St Patrick's Athletic,False,https://images.fotmob.com/image_resources/playerimages/963812.png,fotmob,https://www.fotmob.com/players/963812
L,Ghana,13,FW,Christopher Bonsu Baah,加纳13号前锋,21,,9,0,Al-Qadsiah,False,https://images.fotmob.com/image_resources/playerimages/1452385.png,fotmob,https://www.fotmob.com/players/1452385
L,Ghana,14,DF,Gideon Mensah,加纳14号后卫,27,,40,0,Auxerre,False,https://images.fotmob.com/image_resources/playerimages/771630.png,fotmob,https://www.fotmob.com/players/771630
L,Ghana,15,MF,Elisha Owusu,加纳15号中场,28,,20,0,Auxerre,False,https://images.fotmob.com/image_resources/playerimages/883823.png,fotmob,https://www.fotmob.com/players/883823
L,Ghana,16,GK,Benjamin Asare,加纳16号门将,33,,11,0,Hearts of Oak,False,https://images.fotmob.com/image_resources/playerimages/1663132.png,fotmob,https://www.fotmob.com/players/1663132
L,Ghana,17,DF,Abdul Rahman Baba,加纳17号后卫,31,,51,1,PAOK,False,https://images.fotmob.com/image_resources/playerimages/324910.png,fotmob,https://www.fotmob.com/players/324910
L,Ghana,18,DF,Jerome Opoku,加纳18号后卫,27,,11,1,İstanbul Başakşehir,False,https://images.fotmob.com/image_resources/playerimages/873227.png,fotmob,https://www.fotmob.com/players/873227
L,Ghana,19,FW,Iñaki Williams,伊尼亚基·威廉斯,31,,26,2,Athletic Bilbao,False,https://images.fotmob.com/image_resources/playerimages/604105.png,fotmob,https://www.fotmob.com/players/604105
L,Ghana,20,MF,Augustine Boakye,加纳20号中场,25,,0,0,Saint-Étienne,False,https://images.fotmob.com/image_resources/playerimages/1211610.png,fotmob,https://www.fotmob.com/players/1211610
L,Ghana,21,DF,Kojo Peprah Oppong,加纳21号后卫,22,,4,0,Nice,False,https://images.fotmob.com/image_resources/playerimages/1429607.png,fotmob,https://www.fotmob.com/players/1429607
L,Ghana,22,FW,Kamaldeen Sulemana,加纳22号前锋,24,,28,1,Atalanta,False,https://images.fotmob.com/image_resources/playerimages/1130691.png,fotmob,https://www.fotmob.com/players/1130691
L,Ghana,23,DF,Derrick Luckassen,加纳23号后卫,30,,1,0,Pafos,False,https://images.fotmob.com/image_resources/playerimages/562801.png,fotmob,https://www.fotmob.com/players/562801
L,Ghana,24,FW,Ernest Nuamah,加纳24号前锋,22,,18,4,Lyon,False,https://images.fotmob.com/image_resources/playerimages/1338390.png,fotmob,https://www.fotmob.com/players/1338390
L,Ghana,25,FW,Prince Kwabena Adu,加纳25号前锋,22,,5,0,Viktoria Plzeň,False,https://images.fotmob.com/image_resources/playerimages/1220633.png,fotmob,https://www.fotmob.com/players/1220633
L,Ghana,26,DF,Marvin Senaya,加纳26号后卫,25,,2,0,Auxerre,False,https://images.fotmob.com/image_resources/playerimages/1201760.png,fotmob,https://www.fotmob.com/players/1201760
L,Panama,1,GK,Luis Mejía,巴拿马1号门将,35,,56,0,Nacional,False,https://images.fotmob.com/image_resources/playerimages/206088.png,fotmob,https://www.fotmob.com/players/206088
L,Panama,2,DF,César Blackman,巴拿马2号后卫,28,,39,3,Slovan Bratislava,False,https://images.fotmob.com/image_resources/playerimages/888966.png,fotmob,https://www.fotmob.com/players/888966
L,Panama,3,DF,José Córdoba,巴拿马3号后卫,25,,32,1,Norwich City,False,https://images.fotmob.com/image_resources/playerimages/1223132.png,fotmob,https://www.fotmob.com/players/1223132
L,Panama,4,DF,Fidel Escobar,巴拿马4号后卫,31,,98,4,Saprissa,False,https://images.fotmob.com/image_resources/playerimages/643638.png,fotmob,https://www.fotmob.com/players/643638
L,Panama,5,DF,Edgardo Fariña,巴拿马5号后卫,24,,17,0,Pari Nizhny Novgorod,False,https://images.fotmob.com/image_resources/playerimages/1454648.png,fotmob,https://www.fotmob.com/players/1454648
L,Panama,6,MF,Cristian Martínez,巴拿马6号中场,29,,65,2,Ironi Kiryat Shmona,False,https://images.fotmob.com/image_resources/playerimages/727101.png,fotmob,https://www.fotmob.com/players/727101
L,Panama,7,MF,José Luis Rodríguez,巴拿马7号中场,27,,69,8,Juárez,False,https://images.fotmob.com/image_resources/playerimages/940333.png,fotmob,https://www.fotmob.com/players/940333
L,Panama,8,MF,Adalberto Carrasquilla,巴拿马8号中场,27,,73,3,UNAM,False,https://images.fotmob.com/image_resources/playerimages/643682.png,fotmob,https://www.fotmob.com/players/643682
L,Panama,9,FW,Tomás Rodríguez,巴拿马9号前锋,27,,13,4,Saprissa,False,https://images.fotmob.com/image_resources/playerimages/1054138.png,fotmob,https://www.fotmob.com/players/1054138
L,Panama,10,MF,Ismael Díaz,巴拿马10号中场,29,,56,17,León,False,https://images.fotmob.com/image_resources/playerimages/574077.png,fotmob,https://www.fotmob.com/players/574077
L,Panama,11,MF,Yoel Bárcenas,巴拿马11号中场,32,,103,10,Mazatlán,False,https://images.fotmob.com/image_resources/playerimages/526710.png,fotmob,https://www.fotmob.com/players/526710
L,Panama,12,GK,César Samudio,巴拿马12号门将,32,,5,0,Marathón,False,https://images.fotmob.com/image_resources/playerimages/1330683.png,fotmob,https://www.fotmob.com/players/1330683
L,Panama,13,DF,Jiovany Ramos,巴拿马13号后卫,29,,22,1,Puerto Cabello,False,https://images.fotmob.com/image_resources/playerimages/688448.png,fotmob,https://www.fotmob.com/players/688448
L,Panama,14,DF,Carlos Harvey,巴拿马14号后卫,26,,27,3,Minnesota United FC,False,https://images.fotmob.com/image_resources/playerimages/1017520.png,fotmob,https://www.fotmob.com/players/1017520
L,Panama,15,DF,Eric Davis,巴拿马15号后卫,35,,106,9,Plaza Amador,False,https://images.fotmob.com/image_resources/playerimages/503710.png,fotmob,https://www.fotmob.com/players/503710
L,Panama,16,DF,Andrés Andrade,巴拿马16号后卫,27,,49,1,LASK,False,https://images.fotmob.com/image_resources/playerimages/688449.png,fotmob,https://www.fotmob.com/players/688449
L,Panama,17,FW,José Fajardo,巴拿马17号前锋,32,,67,17,Universidad Católica,False,https://images.fotmob.com/image_resources/playerimages/940334.png,fotmob,https://www.fotmob.com/players/940334
L,Panama,18,FW,Cecilio Waterman,巴拿马18号前锋,35,,54,15,Universidad de Concepción,False,https://images.fotmob.com/image_resources/playerimages/312159.png,fotmob,https://www.fotmob.com/players/312159
L,Panama,19,MF,Alberto Quintero,巴拿马19号中场,38,,141,7,Plaza Amador,False,https://images.fotmob.com/image_resources/playerimages/183088.png,fotmob,https://www.fotmob.com/players/183088
L,Panama,20,MF,Aníbal Godoy,巴拿马20号中场,36,,159,4,San Diego FC,True,https://images.fotmob.com/image_resources/playerimages/308131.png,fotmob,https://www.fotmob.com/players/308131
L,Panama,21,MF,César Yanis,巴拿马21号中场,30,,56,5,Cobresal,False,https://images.fotmob.com/image_resources/playerimages/1137803.png,fotmob,https://www.fotmob.com/players/1137803
L,Panama,22,GK,Orlando Mosquera,巴拿马22号门将,31,,47,0,Al-Fayha,False,https://images.fotmob.com/image_resources/playerimages/531913.png,fotmob,https://www.fotmob.com/players/531913
L,Panama,23,DF,Michael Amir Murillo,巴拿马23号后卫,30,,93,9,Beşiktaş,False,https://commons.wikimedia.org/wiki/Special:FilePath/Partido%20Galicia%20-%20Panam%C3%A1%20en%20Bala%C3%ADdos%2063.jpg,wikidata,
L,Panama,24,FW,Azarias Londoño,巴拿马24号前锋,24,,10,0,Universidad Católica,False,https://images.fotmob.com/image_resources/playerimages/1404414.png,fotmob,https://www.fotmob.com/players/1404414
L,Panama,25,DF,Roderick Miller,巴拿马25号后卫,34,,50,2,Turan Tovuz,False,https://images.fotmob.com/image_resources/playerimages/501847.png,fotmob,https://www.fotmob.com/players/501847
L,Panama,26,DF,Jorge Gutiérrez,巴拿马26号后卫,27,,18,0,Deportivo La Guaira,False,https://images.fotmob.com/image_resources/playerimages/924235.png,fotmob,https://www.fotmob.com/players/924235
